,domain,map_name,random_point_iteration,start_position,end_position,wight,solution_size,num_of_gen_nodes,num_of_expanded_nodes,sol / c*,expanded_star
0,Pancake,9,1,"3.0, 0.0, 2.0, 6.0, 5.0, 4.0, 7.0, 8.0, 1.0, ","8.0, 7.0, 6.0, 5.0, 4.0, 3.0, 2.0, 1.0, 0.0, ",1,8,4739,719,1.0,1.0
1,Pancake,9,1,"3.0, 0.0, 2.0, 6.0, 5.0, 4.0, 7.0, 8.0, 1.0, ","8.0, 7.0, 6.0, 5.0, 4.0, 3.0, 2.0, 1.0, 0.0, ",2,11,8844,1346,1.375,1.8720445062586926
2,Pancake,9,1,"3.0, 0.0, 2.0, 6.0, 5.0, 4.0, 7.0, 8.0, 1.0, ","8.0, 7.0, 6.0, 5.0, 4.0, 3.0, 2.0, 1.0, 0.0, ",3,17,297,43,2.125,0.059805285118219746
3,Pancake,9,1,"3.0, 0.0, 2.0, 6.0, 5.0, 4.0, 7.0, 8.0, 1.0, ","8.0, 7.0, 6.0, 5.0, 4.0, 3.0, 2.0, 1.0, 0.0, ",4,17,211,30,2.125,0.04172461752433936
4,Pancake,9,1,"3.0, 0.0, 2.0, 6.0, 5.0, 4.0, 7.0, 8.0, 1.0, ","8.0, 7.0, 6.0, 5.0, 4.0, 3.0, 2.0, 1.0, 0.0, ",5,17,183,26,2.125,0.03616133518776078
5,Pancake,9,2,"6.0, 0.0, 3.0, 2.0, 1.0, 7.0, 5.0, 8.0, 4.0, ","8.0, 7.0, 6.0, 5.0, 4.0, 3.0, 2.0, 1.0, 0.0, ",1,12,8333,1253,1.0,1.0
6,Pancake,9,2,"6.0, 0.0, 3.0, 2.0, 1.0, 7.0, 5.0, 8.0, 4.0, ","8.0, 7.0, 6.0, 5.0, 4.0, 3.0, 2.0, 1.0, 0.0, ",2,14,2198,327,1.1666666666666667,0.26097366320830007
7,Pancake,9,2,"6.0, 0.0, 3.0, 2.0, 1.0, 7.0, 5.0, 8.0, 4.0, ","8.0, 7.0, 6.0, 5.0, 4.0, 3.0, 2.0, 1.0, 0.0, ",3,17,3256,503,1.4166666666666667,0.4014365522745411
8,Pancake,9,2,"6.0, 0.0, 3.0, 2.0, 1.0, 7.0, 5.0, 8.0, 4.0, ","8.0, 7.0, 6.0, 5.0, 4.0, 3.0, 2.0, 1.0, 0.0, ",4,22,4844,745,1.8333333333333333,0.5945730247406225
9,Pancake,9,2,"6.0, 0.0, 3.0, 2.0, 1.0, 7.0, 5.0, 8.0, 4.0, ","8.0, 7.0, 6.0, 5.0, 4.0, 3.0, 2.0, 1.0, 0.0, ",5,19,5976,938,1.5833333333333333,0.7486033519553073
10,Pancake,9,2,"6.0, 0.0, 3.0, 2.0, 1.0, 7.0, 5.0, 8.0, 4.0, ","8.0, 7.0, 6.0, 5.0, 4.0, 3.0, 2.0, 1.0, 0.0, ",6,20,2601,396,1.6666666666666667,0.3160415003990423
11,Pancake,9,2,"6.0, 0.0, 3.0, 2.0, 1.0, 7.0, 5.0, 8.0, 4.0, ","8.0, 7.0, 6.0, 5.0, 4.0, 3.0, 2.0, 1.0, 0.0, ",7,19,2303,348,1.5833333333333333,0.27773343974461295
12,Pancake,9,2,"6.0, 0.0, 3.0, 2.0, 1.0, 7.0, 5.0, 8.0, 4.0, ","8.0, 7.0, 6.0, 5.0, 4.0, 3.0, 2.0, 1.0, 0.0, ",8,23,2764,424,1.9166666666666667,0.3383878691141261
13,Pancake,9,2,"6.0, 0.0, 3.0, 2.0, 1.0, 7.0, 5.0, 8.0, 4.0, ","8.0, 7.0, 6.0, 5.0, 4.0, 3.0, 2.0, 1.0, 0.0, ",9,23,1135,169,1.9166666666666667,0.13487629688747008
14,Pancake,9,2,"6.0, 0.0, 3.0, 2.0, 1.0, 7.0, 5.0, 8.0, 4.0, ","8.0, 7.0, 6.0, 5.0, 4.0, 3.0, 2.0, 1.0, 0.0, ",10,23,1007,149,1.9166666666666667,0.1189146049481245
15,Pancake,9,2,"6.0, 0.0, 3.0, 2.0, 1.0, 7.0, 5.0, 8.0, 4.0, ","8.0, 7.0, 6.0, 5.0, 4.0, 3.0, 2.0, 1.0, 0.0, ",11,23,1034,153,1.9166666666666667,0.12210694333599362
16,Pancake,9,2,"6.0, 0.0, 3.0, 2.0, 1.0, 7.0, 5.0, 8.0, 4.0, ","8.0, 7.0, 6.0, 5.0, 4.0, 3.0, 2.0, 1.0, 0.0, ",12,23,1068,158,1.9166666666666667,0.12609736632083002
17,Pancake,9,2,"6.0, 0.0, 3.0, 2.0, 1.0, 7.0, 5.0, 8.0, 4.0, ","8.0, 7.0, 6.0, 5.0, 4.0, 3.0, 2.0, 1.0, 0.0, ",13,23,1081,160,1.9166666666666667,0.12769353551476456
18,Pancake,9,2,"6.0, 0.0, 3.0, 2.0, 1.0, 7.0, 5.0, 8.0, 4.0, ","8.0, 7.0, 6.0, 5.0, 4.0, 3.0, 2.0, 1.0, 0.0, ",14,27,1141,169,2.25,0.13487629688747008
19,Pancake,9,2,"6.0, 0.0, 3.0, 2.0, 1.0, 7.0, 5.0, 8.0, 4.0, ","8.0, 7.0, 6.0, 5.0, 4.0, 3.0, 2.0, 1.0, 0.0, ",15,23,1087,161,1.9166666666666667,0.12849162011173185
20,Pancake,9,3,"6.0, 1.0, 5.0, 4.0, 0.0, 2.0, 7.0, 8.0, 3.0, ","8.0, 7.0, 6.0, 5.0, 4.0, 3.0, 2.0, 1.0, 0.0, ",1,9,1298,190,1.0,1.0
21,Pancake,9,3,"6.0, 1.0, 5.0, 4.0, 0.0, 2.0, 7.0, 8.0, 3.0, ","8.0, 7.0, 6.0, 5.0, 4.0, 3.0, 2.0, 1.0, 0.0, ",2,15,1061,156,1.6666666666666667,0.8210526315789474
22,Pancake,9,3,"6.0, 1.0, 5.0, 4.0, 0.0, 2.0, 7.0, 8.0, 3.0, ","8.0, 7.0, 6.0, 5.0, 4.0, 3.0, 2.0, 1.0, 0.0, ",3,15,211,30,1.6666666666666667,0.15789473684210525
23,Pancake,9,3,"6.0, 1.0, 5.0, 4.0, 0.0, 2.0, 7.0, 8.0, 3.0, ","8.0, 7.0, 6.0, 5.0, 4.0, 3.0, 2.0, 1.0, 0.0, ",4,15,211,30,1.6666666666666667,0.15789473684210525
24,Pancake,9,3,"6.0, 1.0, 5.0, 4.0, 0.0, 2.0, 7.0, 8.0, 3.0, ","8.0, 7.0, 6.0, 5.0, 4.0, 3.0, 2.0, 1.0, 0.0, ",5,15,237,34,1.6666666666666667,0.17894736842105263
25,Pancake,9,3,"6.0, 1.0, 5.0, 4.0, 0.0, 2.0, 7.0, 8.0, 3.0, ","8.0, 7.0, 6.0, 5.0, 4.0, 3.0, 2.0, 1.0, 0.0, ",6,15,256,37,1.6666666666666667,0.19473684210526315
26,Pancake,9,3,"6.0, 1.0, 5.0, 4.0, 0.0, 2.0, 7.0, 8.0, 3.0, ","8.0, 7.0, 6.0, 5.0, 4.0, 3.0, 2.0, 1.0, 0.0, ",7,15,263,38,1.6666666666666667,0.2
27,Pancake,9,3,"6.0, 1.0, 5.0, 4.0, 0.0, 2.0, 7.0, 8.0, 3.0, ","8.0, 7.0, 6.0, 5.0, 4.0, 3.0, 2.0, 1.0, 0.0, ",8,15,284,41,1.6666666666666667,0.21578947368421053
28,Pancake,9,3,"6.0, 1.0, 5.0, 4.0, 0.0, 2.0, 7.0, 8.0, 3.0, ","8.0, 7.0, 6.0, 5.0, 4.0, 3.0, 2.0, 1.0, 0.0, ",9,15,319,46,1.6666666666666667,0.24210526315789474
29,Pancake,9,3,"6.0, 1.0, 5.0, 4.0, 0.0, 2.0, 7.0, 8.0, 3.0, ","8.0, 7.0, 6.0, 5.0, 4.0, 3.0, 2.0, 1.0, 0.0, ",10,22,270,39,2.4444444444444446,0.20526315789473684
30,Pancake,9,4,"3.0, 6.0, 0.0, 2.0, 4.0, 5.0, 8.0, 1.0, 7.0, ","8.0, 7.0, 6.0, 5.0, 4.0, 3.0, 2.0, 1.0, 0.0, ",1,13,25942,4323,1.0,1.0
31,Pancake,9,4,"3.0, 6.0, 0.0, 2.0, 4.0, 5.0, 8.0, 1.0, 7.0, ","8.0, 7.0, 6.0, 5.0, 4.0, 3.0, 2.0, 1.0, 0.0, ",2,14,5537,847,1.0769230769230769,0.19592875318066158
32,Pancake,9,4,"3.0, 6.0, 0.0, 2.0, 4.0, 5.0, 8.0, 1.0, 7.0, ","8.0, 7.0, 6.0, 5.0, 4.0, 3.0, 2.0, 1.0, 0.0, ",3,15,5037,782,1.1538461538461537,0.18089289845015036
33,Pancake,9,4,"3.0, 6.0, 0.0, 2.0, 4.0, 5.0, 8.0, 1.0, 7.0, ","8.0, 7.0, 6.0, 5.0, 4.0, 3.0, 2.0, 1.0, 0.0, ",4,22,2898,446,1.6923076923076923,0.10316909553550775
34,Pancake,9,4,"3.0, 6.0, 0.0, 2.0, 4.0, 5.0, 8.0, 1.0, 7.0, ","8.0, 7.0, 6.0, 5.0, 4.0, 3.0, 2.0, 1.0, 0.0, ",5,20,2298,352,1.5384615384615385,0.08142493638676845
35,Pancake,9,4,"3.0, 6.0, 0.0, 2.0, 4.0, 5.0, 8.0, 1.0, 7.0, ","8.0, 7.0, 6.0, 5.0, 4.0, 3.0, 2.0, 1.0, 0.0, ",6,22,1508,232,1.6923076923076923,0.05366643534582466
36,Pancake,9,4,"3.0, 6.0, 0.0, 2.0, 4.0, 5.0, 8.0, 1.0, 7.0, ","8.0, 7.0, 6.0, 5.0, 4.0, 3.0, 2.0, 1.0, 0.0, ",7,25,795,120,1.9230769230769231,0.027758501040943788
37,Pancake,9,4,"3.0, 6.0, 0.0, 2.0, 4.0, 5.0, 8.0, 1.0, 7.0, ","8.0, 7.0, 6.0, 5.0, 4.0, 3.0, 2.0, 1.0, 0.0, ",8,25,818,123,1.9230769230769231,0.028452463566967384
38,Pancake,9,5,"5.0, 2.0, 6.0, 8.0, 4.0, 3.0, 0.0, 7.0, 1.0, ","8.0, 7.0, 6.0, 5.0, 4.0, 3.0, 2.0, 1.0, 0.0, ",1,11,26375,4384,1.0,1.0
39,Pancake,9,5,"5.0, 2.0, 6.0, 8.0, 4.0, 3.0, 0.0, 7.0, 1.0, ","8.0, 7.0, 6.0, 5.0, 4.0, 3.0, 2.0, 1.0, 0.0, ",2,13,2480,371,1.1818181818181819,0.08462591240875912
40,Pancake,9,5,"5.0, 2.0, 6.0, 8.0, 4.0, 3.0, 0.0, 7.0, 1.0, ","8.0, 7.0, 6.0, 5.0, 4.0, 3.0, 2.0, 1.0, 0.0, ",3,13,2366,355,1.1818181818181819,0.08097627737226278
41,Pancake,9,5,"5.0, 2.0, 6.0, 8.0, 4.0, 3.0, 0.0, 7.0, 1.0, ","8.0, 7.0, 6.0, 5.0, 4.0, 3.0, 2.0, 1.0, 0.0, ",4,20,2006,303,1.8181818181818181,0.06911496350364964
42,Pancake,9,5,"5.0, 2.0, 6.0, 8.0, 4.0, 3.0, 0.0, 7.0, 1.0, ","8.0, 7.0, 6.0, 5.0, 4.0, 3.0, 2.0, 1.0, 0.0, ",5,20,1355,204,1.8181818181818181,0.046532846715328466
43,Pancake,9,5,"5.0, 2.0, 6.0, 8.0, 4.0, 3.0, 0.0, 7.0, 1.0, ","8.0, 7.0, 6.0, 5.0, 4.0, 3.0, 2.0, 1.0, 0.0, ",6,20,1324,200,1.8181818181818181,0.04562043795620438
44,Pancake,9,5,"5.0, 2.0, 6.0, 8.0, 4.0, 3.0, 0.0, 7.0, 1.0, ","8.0, 7.0, 6.0, 5.0, 4.0, 3.0, 2.0, 1.0, 0.0, ",7,23,1249,190,2.090909090909091,0.04333941605839416
45,Pancake,9,5,"5.0, 2.0, 6.0, 8.0, 4.0, 3.0, 0.0, 7.0, 1.0, ","8.0, 7.0, 6.0, 5.0, 4.0, 3.0, 2.0, 1.0, 0.0, ",8,23,1318,201,2.090909090909091,0.045848540145985404
46,Pancake,9,6,"2.0, 8.0, 6.0, 1.0, 7.0, 0.0, 3.0, 5.0, 4.0, ","8.0, 7.0, 6.0, 5.0, 4.0, 3.0, 2.0, 1.0, 0.0, ",1,10,26020,4305,1.0,1.0
47,Pancake,9,6,"2.0, 8.0, 6.0, 1.0, 7.0, 0.0, 3.0, 5.0, 4.0, ","8.0, 7.0, 6.0, 5.0, 4.0, 3.0, 2.0, 1.0, 0.0, ",2,15,2857,426,1.5,0.09895470383275261
48,Pancake,9,6,"2.0, 8.0, 6.0, 1.0, 7.0, 0.0, 3.0, 5.0, 4.0, ","8.0, 7.0, 6.0, 5.0, 4.0, 3.0, 2.0, 1.0, 0.0, ",3,15,3664,550,1.5,0.12775842044134728
49,Pancake,9,6,"2.0, 8.0, 6.0, 1.0, 7.0, 0.0, 3.0, 5.0, 4.0, ","8.0, 7.0, 6.0, 5.0, 4.0, 3.0, 2.0, 1.0, 0.0, ",4,23,2373,354,2.3,0.08222996515679443
50,Pancake,9,6,"2.0, 8.0, 6.0, 1.0, 7.0, 0.0, 3.0, 5.0, 4.0, ","8.0, 7.0, 6.0, 5.0, 4.0, 3.0, 2.0, 1.0, 0.0, ",5,24,1973,299,2.4,0.0694541231126597
51,Pancake,9,6,"2.0, 8.0, 6.0, 1.0, 7.0, 0.0, 3.0, 5.0, 4.0, ","8.0, 7.0, 6.0, 5.0, 4.0, 3.0, 2.0, 1.0, 0.0, ",6,24,1754,266,2.4,0.061788617886178863
52,Pancake,9,6,"2.0, 8.0, 6.0, 1.0, 7.0, 0.0, 3.0, 5.0, 4.0, ","8.0, 7.0, 6.0, 5.0, 4.0, 3.0, 2.0, 1.0, 0.0, ",7,24,1599,243,2.4,0.05644599303135889
53,Pancake,9,6,"2.0, 8.0, 6.0, 1.0, 7.0, 0.0, 3.0, 5.0, 4.0, ","8.0, 7.0, 6.0, 5.0, 4.0, 3.0, 2.0, 1.0, 0.0, ",8,26,2015,309,2.6,0.07177700348432056
54,Pancake,9,6,"2.0, 8.0, 6.0, 1.0, 7.0, 0.0, 3.0, 5.0, 4.0, ","8.0, 7.0, 6.0, 5.0, 4.0, 3.0, 2.0, 1.0, 0.0, ",9,26,2214,341,2.6,0.07921022067363531
55,Pancake,9,6,"2.0, 8.0, 6.0, 1.0, 7.0, 0.0, 3.0, 5.0, 4.0, ","8.0, 7.0, 6.0, 5.0, 4.0, 3.0, 2.0, 1.0, 0.0, ",10,24,2330,360,2.4,0.08362369337979095
56,Pancake,9,6,"2.0, 8.0, 6.0, 1.0, 7.0, 0.0, 3.0, 5.0, 4.0, ","8.0, 7.0, 6.0, 5.0, 4.0, 3.0, 2.0, 1.0, 0.0, ",11,24,1940,300,2.4,0.06968641114982578
57,Pancake,9,6,"2.0, 8.0, 6.0, 1.0, 7.0, 0.0, 3.0, 5.0, 4.0, ","8.0, 7.0, 6.0, 5.0, 4.0, 3.0, 2.0, 1.0, 0.0, ",12,24,2031,316,2.4,0.07340301974448316
58,Pancake,9,6,"2.0, 8.0, 6.0, 1.0, 7.0, 0.0, 3.0, 5.0, 4.0, ","8.0, 7.0, 6.0, 5.0, 4.0, 3.0, 2.0, 1.0, 0.0, ",13,29,2493,390,2.9,0.09059233449477352
59,Pancake,9,6,"2.0, 8.0, 6.0, 1.0, 7.0, 0.0, 3.0, 5.0, 4.0, ","8.0, 7.0, 6.0, 5.0, 4.0, 3.0, 2.0, 1.0, 0.0, ",14,24,2490,386,2.4,0.08966318234610918
60,Pancake,9,6,"2.0, 8.0, 6.0, 1.0, 7.0, 0.0, 3.0, 5.0, 4.0, ","8.0, 7.0, 6.0, 5.0, 4.0, 3.0, 2.0, 1.0, 0.0, ",15,24,2491,386,2.4,0.08966318234610918
61,Pancake,9,6,"2.0, 8.0, 6.0, 1.0, 7.0, 0.0, 3.0, 5.0, 4.0, ","8.0, 7.0, 6.0, 5.0, 4.0, 3.0, 2.0, 1.0, 0.0, ",16,24,2507,391,2.4,0.09082462253193961
62,Pancake,9,6,"2.0, 8.0, 6.0, 1.0, 7.0, 0.0, 3.0, 5.0, 4.0, ","8.0, 7.0, 6.0, 5.0, 4.0, 3.0, 2.0, 1.0, 0.0, ",17,24,2210,342,2.4,0.0794425087108014
63,Pancake,9,6,"2.0, 8.0, 6.0, 1.0, 7.0, 0.0, 3.0, 5.0, 4.0, ","8.0, 7.0, 6.0, 5.0, 4.0, 3.0, 2.0, 1.0, 0.0, ",18,24,2414,376,2.4,0.08734030197444832
64,Pancake,9,7,"6.0, 1.0, 7.0, 4.0, 0.0, 3.0, 2.0, 8.0, 5.0, ","8.0, 7.0, 6.0, 5.0, 4.0, 3.0, 2.0, 1.0, 0.0, ",1,12,31148,5143,1.0,1.0
65,Pancake,9,7,"6.0, 1.0, 7.0, 4.0, 0.0, 3.0, 2.0, 8.0, 5.0, ","8.0, 7.0, 6.0, 5.0, 4.0, 3.0, 2.0, 1.0, 0.0, ",2,12,1199,174,1.0,0.03383239354462376
66,Pancake,9,7,"6.0, 1.0, 7.0, 4.0, 0.0, 3.0, 2.0, 8.0, 5.0, ","8.0, 7.0, 6.0, 5.0, 4.0, 3.0, 2.0, 1.0, 0.0, ",3,17,402,58,1.4166666666666667,0.011277464514874587
67,Pancake,9,7,"6.0, 1.0, 7.0, 4.0, 0.0, 3.0, 2.0, 8.0, 5.0, ","8.0, 7.0, 6.0, 5.0, 4.0, 3.0, 2.0, 1.0, 0.0, ",4,17,381,55,1.4166666666666667,0.010694147384794867
68,Pancake,9,7,"6.0, 1.0, 7.0, 4.0, 0.0, 3.0, 2.0, 8.0, 5.0, ","8.0, 7.0, 6.0, 5.0, 4.0, 3.0, 2.0, 1.0, 0.0, ",5,17,394,57,1.4166666666666667,0.01108302547151468
69,Pancake,9,7,"6.0, 1.0, 7.0, 4.0, 0.0, 3.0, 2.0, 8.0, 5.0, ","8.0, 7.0, 6.0, 5.0, 4.0, 3.0, 2.0, 1.0, 0.0, ",6,17,401,58,1.4166666666666667,0.011277464514874587
70,Pancake,9,7,"6.0, 1.0, 7.0, 4.0, 0.0, 3.0, 2.0, 8.0, 5.0, ","8.0, 7.0, 6.0, 5.0, 4.0, 3.0, 2.0, 1.0, 0.0, ",7,17,420,61,1.4166666666666667,0.011860781644954306
71,Pancake,9,8,"0.0, 7.0, 1.0, 8.0, 5.0, 6.0, 3.0, 4.0, 2.0, ","8.0, 7.0, 6.0, 5.0, 4.0, 3.0, 2.0, 1.0, 0.0, ",1,11,31517,5362,1.0,1.0
72,Pancake,9,8,"0.0, 7.0, 1.0, 8.0, 5.0, 6.0, 3.0, 4.0, 2.0, ","8.0, 7.0, 6.0, 5.0, 4.0, 3.0, 2.0, 1.0, 0.0, ",2,11,1110,164,1.0,0.030585602387168967
73,Pancake,9,8,"0.0, 7.0, 1.0, 8.0, 5.0, 6.0, 3.0, 4.0, 2.0, ","8.0, 7.0, 6.0, 5.0, 4.0, 3.0, 2.0, 1.0, 0.0, ",3,15,593,87,1.3636363636363635,0.016225289071242075
74,Pancake,9,8,"0.0, 7.0, 1.0, 8.0, 5.0, 6.0, 3.0, 4.0, 2.0, ","8.0, 7.0, 6.0, 5.0, 4.0, 3.0, 2.0, 1.0, 0.0, ",4,15,621,90,1.3636363636363635,0.01678478179783663
75,Pancake,9,8,"0.0, 7.0, 1.0, 8.0, 5.0, 6.0, 3.0, 4.0, 2.0, ","8.0, 7.0, 6.0, 5.0, 4.0, 3.0, 2.0, 1.0, 0.0, ",5,15,658,96,1.3636363636363635,0.017903767251025736
76,Pancake,9,8,"0.0, 7.0, 1.0, 8.0, 5.0, 6.0, 3.0, 4.0, 2.0, ","8.0, 7.0, 6.0, 5.0, 4.0, 3.0, 2.0, 1.0, 0.0, ",6,15,695,102,1.3636363636363635,0.019022752704214847
77,Pancake,9,8,"0.0, 7.0, 1.0, 8.0, 5.0, 6.0, 3.0, 4.0, 2.0, ","8.0, 7.0, 6.0, 5.0, 4.0, 3.0, 2.0, 1.0, 0.0, ",7,15,754,112,1.3636363636363635,0.020887728459530026
78,Pancake,9,8,"0.0, 7.0, 1.0, 8.0, 5.0, 6.0, 3.0, 4.0, 2.0, ","8.0, 7.0, 6.0, 5.0, 4.0, 3.0, 2.0, 1.0, 0.0, ",8,15,805,120,1.3636363636363635,0.02237970906378217
79,Pancake,9,8,"0.0, 7.0, 1.0, 8.0, 5.0, 6.0, 3.0, 4.0, 2.0, ","8.0, 7.0, 6.0, 5.0, 4.0, 3.0, 2.0, 1.0, 0.0, ",9,15,861,128,1.3636363636363635,0.023871689668034317
80,Pancake,9,8,"0.0, 7.0, 1.0, 8.0, 5.0, 6.0, 3.0, 4.0, 2.0, ","8.0, 7.0, 6.0, 5.0, 4.0, 3.0, 2.0, 1.0, 0.0, ",10,15,849,127,1.3636363636363635,0.023685192092502798
81,Pancake,9,8,"0.0, 7.0, 1.0, 8.0, 5.0, 6.0, 3.0, 4.0, 2.0, ","8.0, 7.0, 6.0, 5.0, 4.0, 3.0, 2.0, 1.0, 0.0, ",11,15,894,134,1.3636363636363635,0.024990675121223424
82,Pancake,9,8,"0.0, 7.0, 1.0, 8.0, 5.0, 6.0, 3.0, 4.0, 2.0, ","8.0, 7.0, 6.0, 5.0, 4.0, 3.0, 2.0, 1.0, 0.0, ",12,15,952,143,1.3636363636363635,0.02666915330100709
83,Pancake,9,8,"0.0, 7.0, 1.0, 8.0, 5.0, 6.0, 3.0, 4.0, 2.0, ","8.0, 7.0, 6.0, 5.0, 4.0, 3.0, 2.0, 1.0, 0.0, ",13,15,952,143,1.3636363636363635,0.02666915330100709
84,Pancake,9,8,"0.0, 7.0, 1.0, 8.0, 5.0, 6.0, 3.0, 4.0, 2.0, ","8.0, 7.0, 6.0, 5.0, 4.0, 3.0, 2.0, 1.0, 0.0, ",14,15,1012,152,1.3636363636363635,0.02834763148079075
85,Pancake,9,8,"0.0, 7.0, 1.0, 8.0, 5.0, 6.0, 3.0, 4.0, 2.0, ","8.0, 7.0, 6.0, 5.0, 4.0, 3.0, 2.0, 1.0, 0.0, ",15,15,991,149,1.3636363636363635,0.027788138754196196
86,Pancake,9,8,"0.0, 7.0, 1.0, 8.0, 5.0, 6.0, 3.0, 4.0, 2.0, ","8.0, 7.0, 6.0, 5.0, 4.0, 3.0, 2.0, 1.0, 0.0, ",16,15,1033,155,1.3636363636363635,0.028907124207385303
87,Pancake,9,8,"0.0, 7.0, 1.0, 8.0, 5.0, 6.0, 3.0, 4.0, 2.0, ","8.0, 7.0, 6.0, 5.0, 4.0, 3.0, 2.0, 1.0, 0.0, ",17,15,1005,151,1.3636363636363635,0.02816113390525923
88,Pancake,9,9,"7.0, 8.0, 4.0, 6.0, 2.0, 1.0, 5.0, 0.0, 3.0, ","8.0, 7.0, 6.0, 5.0, 4.0, 3.0, 2.0, 1.0, 0.0, ",1,9,9220,1433,1.0,1.0
89,Pancake,9,9,"7.0, 8.0, 4.0, 6.0, 2.0, 1.0, 5.0, 0.0, 3.0, ","8.0, 7.0, 6.0, 5.0, 4.0, 3.0, 2.0, 1.0, 0.0, ",2,15,1463,216,1.6666666666666667,0.15073272854152128
90,Pancake,9,9,"7.0, 8.0, 4.0, 6.0, 2.0, 1.0, 5.0, 0.0, 3.0, ","8.0, 7.0, 6.0, 5.0, 4.0, 3.0, 2.0, 1.0, 0.0, ",3,12,565,82,1.3333333333333333,0.05722260990928123
91,Pancake,9,9,"7.0, 8.0, 4.0, 6.0, 2.0, 1.0, 5.0, 0.0, 3.0, ","8.0, 7.0, 6.0, 5.0, 4.0, 3.0, 2.0, 1.0, 0.0, ",4,12,570,83,1.3333333333333333,0.05792044661549198
92,Pancake,9,9,"7.0, 8.0, 4.0, 6.0, 2.0, 1.0, 5.0, 0.0, 3.0, ","8.0, 7.0, 6.0, 5.0, 4.0, 3.0, 2.0, 1.0, 0.0, ",5,18,836,122,2.0,0.0851360781577111
93,Pancake,9,9,"7.0, 8.0, 4.0, 6.0, 2.0, 1.0, 5.0, 0.0, 3.0, ","8.0, 7.0, 6.0, 5.0, 4.0, 3.0, 2.0, 1.0, 0.0, ",6,23,738,108,2.5555555555555554,0.07536636427076064
94,Pancake,9,9,"7.0, 8.0, 4.0, 6.0, 2.0, 1.0, 5.0, 0.0, 3.0, ","8.0, 7.0, 6.0, 5.0, 4.0, 3.0, 2.0, 1.0, 0.0, ",7,23,820,122,2.5555555555555554,0.0851360781577111
95,Pancake,9,9,"7.0, 8.0, 4.0, 6.0, 2.0, 1.0, 5.0, 0.0, 3.0, ","8.0, 7.0, 6.0, 5.0, 4.0, 3.0, 2.0, 1.0, 0.0, ",8,23,788,118,2.5555555555555554,0.08234473133286811
96,Pancake,9,9,"7.0, 8.0, 4.0, 6.0, 2.0, 1.0, 5.0, 0.0, 3.0, ","8.0, 7.0, 6.0, 5.0, 4.0, 3.0, 2.0, 1.0, 0.0, ",9,23,886,135,2.5555555555555554,0.0942079553384508
97,Pancake,9,9,"7.0, 8.0, 4.0, 6.0, 2.0, 1.0, 5.0, 0.0, 3.0, ","8.0, 7.0, 6.0, 5.0, 4.0, 3.0, 2.0, 1.0, 0.0, ",10,23,838,128,2.5555555555555554,0.08932309839497557
98,Pancake,9,9,"7.0, 8.0, 4.0, 6.0, 2.0, 1.0, 5.0, 0.0, 3.0, ","8.0, 7.0, 6.0, 5.0, 4.0, 3.0, 2.0, 1.0, 0.0, ",11,23,927,142,2.5555555555555554,0.09909281228192603
99,Pancake,9,9,"7.0, 8.0, 4.0, 6.0, 2.0, 1.0, 5.0, 0.0, 3.0, ","8.0, 7.0, 6.0, 5.0, 4.0, 3.0, 2.0, 1.0, 0.0, ",12,23,880,135,2.5555555555555554,0.0942079553384508
100,Pancake,9,9,"7.0, 8.0, 4.0, 6.0, 2.0, 1.0, 5.0, 0.0, 3.0, ","8.0, 7.0, 6.0, 5.0, 4.0, 3.0, 2.0, 1.0, 0.0, ",13,23,901,138,2.5555555555555554,0.09630146545708304
101,Pancake,9,9,"7.0, 8.0, 4.0, 6.0, 2.0, 1.0, 5.0, 0.0, 3.0, ","8.0, 7.0, 6.0, 5.0, 4.0, 3.0, 2.0, 1.0, 0.0, ",14,23,951,146,2.5555555555555554,0.10188415910676901
102,Pancake,9,9,"7.0, 8.0, 4.0, 6.0, 2.0, 1.0, 5.0, 0.0, 3.0, ","8.0, 7.0, 6.0, 5.0, 4.0, 3.0, 2.0, 1.0, 0.0, ",15,23,965,149,2.5555555555555554,0.10397766922540126
103,Pancake,9,9,"7.0, 8.0, 4.0, 6.0, 2.0, 1.0, 5.0, 0.0, 3.0, ","8.0, 7.0, 6.0, 5.0, 4.0, 3.0, 2.0, 1.0, 0.0, ",16,23,965,149,2.5555555555555554,0.10397766922540126
104,Pancake,9,9,"7.0, 8.0, 4.0, 6.0, 2.0, 1.0, 5.0, 0.0, 3.0, ","8.0, 7.0, 6.0, 5.0, 4.0, 3.0, 2.0, 1.0, 0.0, ",17,23,996,154,2.5555555555555554,0.10746685275645498
105,Pancake,9,10,"2.0, 0.0, 6.0, 4.0, 8.0, 5.0, 3.0, 7.0, 1.0, ","8.0, 7.0, 6.0, 5.0, 4.0, 3.0, 2.0, 1.0, 0.0, ",1,12,28101,4726,1.0,1.0
106,Pancake,9,10,"2.0, 0.0, 6.0, 4.0, 8.0, 5.0, 3.0, 7.0, 1.0, ","8.0, 7.0, 6.0, 5.0, 4.0, 3.0, 2.0, 1.0, 0.0, ",2,14,7369,1129,1.1666666666666667,0.2388912399492171
107,Pancake,9,10,"2.0, 0.0, 6.0, 4.0, 8.0, 5.0, 3.0, 7.0, 1.0, ","8.0, 7.0, 6.0, 5.0, 4.0, 3.0, 2.0, 1.0, 0.0, ",3,18,4481,682,1.5,0.14430808294540837
108,Pancake,9,10,"2.0, 0.0, 6.0, 4.0, 8.0, 5.0, 3.0, 7.0, 1.0, ","8.0, 7.0, 6.0, 5.0, 4.0, 3.0, 2.0, 1.0, 0.0, ",4,17,5584,853,1.4166666666666667,0.18049090139652985
109,Pancake,9,10,"2.0, 0.0, 6.0, 4.0, 8.0, 5.0, 3.0, 7.0, 1.0, ","8.0, 7.0, 6.0, 5.0, 4.0, 3.0, 2.0, 1.0, 0.0, ",5,17,5479,827,1.4166666666666667,0.17498942022852307
110,Pancake,9,10,"2.0, 0.0, 6.0, 4.0, 8.0, 5.0, 3.0, 7.0, 1.0, ","8.0, 7.0, 6.0, 5.0, 4.0, 3.0, 2.0, 1.0, 0.0, ",6,26,2511,381,2.1666666666666665,0.08061785865425307
111,Pancake,9,10,"2.0, 0.0, 6.0, 4.0, 8.0, 5.0, 3.0, 7.0, 1.0, ","8.0, 7.0, 6.0, 5.0, 4.0, 3.0, 2.0, 1.0, 0.0, ",7,28,1780,269,2.3333333333333335,0.056919170545916206
112,Pancake,9,10,"2.0, 0.0, 6.0, 4.0, 8.0, 5.0, 3.0, 7.0, 1.0, ","8.0, 7.0, 6.0, 5.0, 4.0, 3.0, 2.0, 1.0, 0.0, ",8,31,1004,154,2.5833333333333335,0.03258569614896318
113,Pancake,9,10,"2.0, 0.0, 6.0, 4.0, 8.0, 5.0, 3.0, 7.0, 1.0, ","8.0, 7.0, 6.0, 5.0, 4.0, 3.0, 2.0, 1.0, 0.0, ",9,31,1016,156,2.5833333333333335,0.033008887008040624
114,Pancake,9,10,"2.0, 0.0, 6.0, 4.0, 8.0, 5.0, 3.0, 7.0, 1.0, ","8.0, 7.0, 6.0, 5.0, 4.0, 3.0, 2.0, 1.0, 0.0, ",10,31,1058,163,2.5833333333333335,0.03449005501481168
115,Pancake,9,10,"2.0, 0.0, 6.0, 4.0, 8.0, 5.0, 3.0, 7.0, 1.0, ","8.0, 7.0, 6.0, 5.0, 4.0, 3.0, 2.0, 1.0, 0.0, ",11,31,1287,198,2.5833333333333335,0.04189589504866695
116,Pancake,9,10,"2.0, 0.0, 6.0, 4.0, 8.0, 5.0, 3.0, 7.0, 1.0, ","8.0, 7.0, 6.0, 5.0, 4.0, 3.0, 2.0, 1.0, 0.0, ",12,31,1196,186,2.5833333333333335,0.039356749894202285
117,Pancake,9,10,"2.0, 0.0, 6.0, 4.0, 8.0, 5.0, 3.0, 7.0, 1.0, ","8.0, 7.0, 6.0, 5.0, 4.0, 3.0, 2.0, 1.0, 0.0, ",13,31,1209,189,2.5833333333333335,0.03999153618281845
118,Pancake,9,10,"2.0, 0.0, 6.0, 4.0, 8.0, 5.0, 3.0, 7.0, 1.0, ","8.0, 7.0, 6.0, 5.0, 4.0, 3.0, 2.0, 1.0, 0.0, ",14,31,1213,190,2.5833333333333335,0.040203131612357175
119,Pancake,9,11,"2.0, 3.0, 8.0, 0.0, 4.0, 1.0, 7.0, 6.0, 5.0, ","8.0, 7.0, 6.0, 5.0, 4.0, 3.0, 2.0, 1.0, 0.0, ",1,8,1815,267,1.0,1.0
120,Pancake,9,11,"2.0, 3.0, 8.0, 0.0, 4.0, 1.0, 7.0, 6.0, 5.0, ","8.0, 7.0, 6.0, 5.0, 4.0, 3.0, 2.0, 1.0, 0.0, ",2,10,3887,629,1.25,2.355805243445693
121,Pancake,9,11,"2.0, 3.0, 8.0, 0.0, 4.0, 1.0, 7.0, 6.0, 5.0, ","8.0, 7.0, 6.0, 5.0, 4.0, 3.0, 2.0, 1.0, 0.0, ",3,19,3130,505,2.375,1.8913857677902621
122,Pancake,9,11,"2.0, 3.0, 8.0, 0.0, 4.0, 1.0, 7.0, 6.0, 5.0, ","8.0, 7.0, 6.0, 5.0, 4.0, 3.0, 2.0, 1.0, 0.0, ",4,20,2597,411,2.5,1.5393258426966292
123,Pancake,9,11,"2.0, 3.0, 8.0, 0.0, 4.0, 1.0, 7.0, 6.0, 5.0, ","8.0, 7.0, 6.0, 5.0, 4.0, 3.0, 2.0, 1.0, 0.0, ",5,22,2509,381,2.75,1.4269662921348314
124,Pancake,9,11,"2.0, 3.0, 8.0, 0.0, 4.0, 1.0, 7.0, 6.0, 5.0, ","8.0, 7.0, 6.0, 5.0, 4.0, 3.0, 2.0, 1.0, 0.0, ",6,21,1974,300,2.625,1.1235955056179776
125,Pancake,9,11,"2.0, 3.0, 8.0, 0.0, 4.0, 1.0, 7.0, 6.0, 5.0, ","8.0, 7.0, 6.0, 5.0, 4.0, 3.0, 2.0, 1.0, 0.0, ",7,20,1939,295,2.5,1.104868913857678
126,Pancake,9,11,"2.0, 3.0, 8.0, 0.0, 4.0, 1.0, 7.0, 6.0, 5.0, ","8.0, 7.0, 6.0, 5.0, 4.0, 3.0, 2.0, 1.0, 0.0, ",8,21,2056,314,2.625,1.1760299625468165
127,Pancake,9,11,"2.0, 3.0, 8.0, 0.0, 4.0, 1.0, 7.0, 6.0, 5.0, ","8.0, 7.0, 6.0, 5.0, 4.0, 3.0, 2.0, 1.0, 0.0, ",9,20,2075,317,2.5,1.1872659176029963
128,Pancake,9,11,"2.0, 3.0, 8.0, 0.0, 4.0, 1.0, 7.0, 6.0, 5.0, ","8.0, 7.0, 6.0, 5.0, 4.0, 3.0, 2.0, 1.0, 0.0, ",10,21,1951,297,2.625,1.1123595505617978
129,Pancake,9,11,"2.0, 3.0, 8.0, 0.0, 4.0, 1.0, 7.0, 6.0, 5.0, ","8.0, 7.0, 6.0, 5.0, 4.0, 3.0, 2.0, 1.0, 0.0, ",11,20,1963,299,2.5,1.1198501872659177
130,Pancake,9,11,"2.0, 3.0, 8.0, 0.0, 4.0, 1.0, 7.0, 6.0, 5.0, ","8.0, 7.0, 6.0, 5.0, 4.0, 3.0, 2.0, 1.0, 0.0, ",12,20,2064,315,2.5,1.1797752808988764
131,Pancake,9,11,"2.0, 3.0, 8.0, 0.0, 4.0, 1.0, 7.0, 6.0, 5.0, ","8.0, 7.0, 6.0, 5.0, 4.0, 3.0, 2.0, 1.0, 0.0, ",13,21,2171,332,2.625,1.243445692883895
132,Pancake,9,11,"2.0, 3.0, 8.0, 0.0, 4.0, 1.0, 7.0, 6.0, 5.0, ","8.0, 7.0, 6.0, 5.0, 4.0, 3.0, 2.0, 1.0, 0.0, ",14,20,2040,310,2.5,1.1610486891385767
133,Pancake,9,12,"3.0, 2.0, 5.0, 7.0, 1.0, 0.0, 8.0, 4.0, 6.0, ","8.0, 7.0, 6.0, 5.0, 4.0, 3.0, 2.0, 1.0, 0.0, ",1,12,27055,4422,1.0,1.0
134,Pancake,9,12,"3.0, 2.0, 5.0, 7.0, 1.0, 0.0, 8.0, 4.0, 6.0, ","8.0, 7.0, 6.0, 5.0, 4.0, 3.0, 2.0, 1.0, 0.0, ",2,14,12342,1878,1.1666666666666667,0.42469470827679784
135,Pancake,9,12,"3.0, 2.0, 5.0, 7.0, 1.0, 0.0, 8.0, 4.0, 6.0, ","8.0, 7.0, 6.0, 5.0, 4.0, 3.0, 2.0, 1.0, 0.0, ",3,18,360,53,1.5,0.011985526910900044
136,Pancake,9,12,"3.0, 2.0, 5.0, 7.0, 1.0, 0.0, 8.0, 4.0, 6.0, ","8.0, 7.0, 6.0, 5.0, 4.0, 3.0, 2.0, 1.0, 0.0, ",4,18,328,48,1.5,0.010854816824966078
137,Pancake,9,13,"4.0, 6.0, 3.0, 5.0, 7.0, 1.0, 0.0, 8.0, 2.0, ","8.0, 7.0, 6.0, 5.0, 4.0, 3.0, 2.0, 1.0, 0.0, ",1,11,15571,2447,1.0,1.0
138,Pancake,9,13,"4.0, 6.0, 3.0, 5.0, 7.0, 1.0, 0.0, 8.0, 2.0, ","8.0, 7.0, 6.0, 5.0, 4.0, 3.0, 2.0, 1.0, 0.0, ",2,14,2445,362,1.2727272727272727,0.14793624846751124
139,Pancake,9,13,"4.0, 6.0, 3.0, 5.0, 7.0, 1.0, 0.0, 8.0, 2.0, ","8.0, 7.0, 6.0, 5.0, 4.0, 3.0, 2.0, 1.0, 0.0, ",3,18,410,61,1.6363636363636365,0.024928483857785042
140,Pancake,9,13,"4.0, 6.0, 3.0, 5.0, 7.0, 1.0, 0.0, 8.0, 2.0, ","8.0, 7.0, 6.0, 5.0, 4.0, 3.0, 2.0, 1.0, 0.0, ",4,18,407,60,1.6363636363636365,0.024519820187985288
141,Pancake,9,13,"4.0, 6.0, 3.0, 5.0, 7.0, 1.0, 0.0, 8.0, 2.0, ","8.0, 7.0, 6.0, 5.0, 4.0, 3.0, 2.0, 1.0, 0.0, ",5,18,436,65,1.6363636363636365,0.02656313853698406
142,Pancake,9,13,"4.0, 6.0, 3.0, 5.0, 7.0, 1.0, 0.0, 8.0, 2.0, ","8.0, 7.0, 6.0, 5.0, 4.0, 3.0, 2.0, 1.0, 0.0, ",6,18,394,58,1.6363636363636365,0.023702492848385777
143,Pancake,9,13,"4.0, 6.0, 3.0, 5.0, 7.0, 1.0, 0.0, 8.0, 2.0, ","8.0, 7.0, 6.0, 5.0, 4.0, 3.0, 2.0, 1.0, 0.0, ",7,18,398,59,1.6363636363636365,0.024111156518185534
144,Pancake,9,13,"4.0, 6.0, 3.0, 5.0, 7.0, 1.0, 0.0, 8.0, 2.0, ","8.0, 7.0, 6.0, 5.0, 4.0, 3.0, 2.0, 1.0, 0.0, ",8,18,412,61,1.6363636363636365,0.024928483857785042
145,Pancake,9,13,"4.0, 6.0, 3.0, 5.0, 7.0, 1.0, 0.0, 8.0, 2.0, ","8.0, 7.0, 6.0, 5.0, 4.0, 3.0, 2.0, 1.0, 0.0, ",9,18,426,63,1.6363636363636365,0.025745811197384554
146,Pancake,9,13,"4.0, 6.0, 3.0, 5.0, 7.0, 1.0, 0.0, 8.0, 2.0, ","8.0, 7.0, 6.0, 5.0, 4.0, 3.0, 2.0, 1.0, 0.0, ",10,18,455,68,1.6363636363636365,0.027789129546383327
147,Pancake,9,13,"4.0, 6.0, 3.0, 5.0, 7.0, 1.0, 0.0, 8.0, 2.0, ","8.0, 7.0, 6.0, 5.0, 4.0, 3.0, 2.0, 1.0, 0.0, ",11,18,468,70,1.6363636363636365,0.028606456885982835
148,Pancake,9,13,"4.0, 6.0, 3.0, 5.0, 7.0, 1.0, 0.0, 8.0, 2.0, ","8.0, 7.0, 6.0, 5.0, 4.0, 3.0, 2.0, 1.0, 0.0, ",12,18,468,70,1.6363636363636365,0.028606456885982835
149,Pancake,9,13,"4.0, 6.0, 3.0, 5.0, 7.0, 1.0, 0.0, 8.0, 2.0, ","8.0, 7.0, 6.0, 5.0, 4.0, 3.0, 2.0, 1.0, 0.0, ",13,18,474,71,1.6363636363636365,0.029015120555782592
150,Pancake,9,13,"4.0, 6.0, 3.0, 5.0, 7.0, 1.0, 0.0, 8.0, 2.0, ","8.0, 7.0, 6.0, 5.0, 4.0, 3.0, 2.0, 1.0, 0.0, ",14,18,492,74,1.6363636363636365,0.030241111565181854
151,Pancake,9,14,"4.0, 5.0, 1.0, 2.0, 6.0, 3.0, 8.0, 0.0, 7.0, ","8.0, 7.0, 6.0, 5.0, 4.0, 3.0, 2.0, 1.0, 0.0, ",1,9,8100,1245,1.0,1.0
152,Pancake,9,14,"4.0, 5.0, 1.0, 2.0, 6.0, 3.0, 8.0, 0.0, 7.0, ","8.0, 7.0, 6.0, 5.0, 4.0, 3.0, 2.0, 1.0, 0.0, ",2,10,6727,1021,1.1111111111111112,0.8200803212851405
153,Pancake,9,14,"4.0, 5.0, 1.0, 2.0, 6.0, 3.0, 8.0, 0.0, 7.0, ","8.0, 7.0, 6.0, 5.0, 4.0, 3.0, 2.0, 1.0, 0.0, ",3,17,4139,624,1.8888888888888888,0.5012048192771085
154,Pancake,9,14,"4.0, 5.0, 1.0, 2.0, 6.0, 3.0, 8.0, 0.0, 7.0, ","8.0, 7.0, 6.0, 5.0, 4.0, 3.0, 2.0, 1.0, 0.0, ",4,17,2366,358,1.8888888888888888,0.28755020080321286
155,Pancake,9,14,"4.0, 5.0, 1.0, 2.0, 6.0, 3.0, 8.0, 0.0, 7.0, ","8.0, 7.0, 6.0, 5.0, 4.0, 3.0, 2.0, 1.0, 0.0, ",5,23,1382,212,2.5555555555555554,0.17028112449799196
156,Pancake,9,14,"4.0, 5.0, 1.0, 2.0, 6.0, 3.0, 8.0, 0.0, 7.0, ","8.0, 7.0, 6.0, 5.0, 4.0, 3.0, 2.0, 1.0, 0.0, ",6,23,1982,312,2.5555555555555554,0.25060240963855424
157,Pancake,9,14,"4.0, 5.0, 1.0, 2.0, 6.0, 3.0, 8.0, 0.0, 7.0, ","8.0, 7.0, 6.0, 5.0, 4.0, 3.0, 2.0, 1.0, 0.0, ",7,25,2176,346,2.7777777777777777,0.2779116465863454
158,Pancake,9,14,"4.0, 5.0, 1.0, 2.0, 6.0, 3.0, 8.0, 0.0, 7.0, ","8.0, 7.0, 6.0, 5.0, 4.0, 3.0, 2.0, 1.0, 0.0, ",8,23,3050,486,2.5555555555555554,0.39036144578313253
159,Pancake,9,14,"4.0, 5.0, 1.0, 2.0, 6.0, 3.0, 8.0, 0.0, 7.0, ","8.0, 7.0, 6.0, 5.0, 4.0, 3.0, 2.0, 1.0, 0.0, ",9,23,2883,463,2.5555555555555554,0.3718875502008032
160,Pancake,9,14,"4.0, 5.0, 1.0, 2.0, 6.0, 3.0, 8.0, 0.0, 7.0, ","8.0, 7.0, 6.0, 5.0, 4.0, 3.0, 2.0, 1.0, 0.0, ",10,23,2885,463,2.5555555555555554,0.3718875502008032
161,Pancake,9,14,"4.0, 5.0, 1.0, 2.0, 6.0, 3.0, 8.0, 0.0, 7.0, ","8.0, 7.0, 6.0, 5.0, 4.0, 3.0, 2.0, 1.0, 0.0, ",11,20,2884,463,2.2222222222222223,0.3718875502008032
162,Pancake,9,14,"4.0, 5.0, 1.0, 2.0, 6.0, 3.0, 8.0, 0.0, 7.0, ","8.0, 7.0, 6.0, 5.0, 4.0, 3.0, 2.0, 1.0, 0.0, ",12,26,3017,483,2.888888888888889,0.38795180722891565
163,Pancake,9,14,"4.0, 5.0, 1.0, 2.0, 6.0, 3.0, 8.0, 0.0, 7.0, ","8.0, 7.0, 6.0, 5.0, 4.0, 3.0, 2.0, 1.0, 0.0, ",13,26,3033,485,2.888888888888889,0.3895582329317269
164,Pancake,9,14,"4.0, 5.0, 1.0, 2.0, 6.0, 3.0, 8.0, 0.0, 7.0, ","8.0, 7.0, 6.0, 5.0, 4.0, 3.0, 2.0, 1.0, 0.0, ",14,26,3029,484,2.888888888888889,0.3887550200803213
165,Pancake,9,14,"4.0, 5.0, 1.0, 2.0, 6.0, 3.0, 8.0, 0.0, 7.0, ","8.0, 7.0, 6.0, 5.0, 4.0, 3.0, 2.0, 1.0, 0.0, ",15,37,2918,467,4.111111111111111,0.3751004016064257
166,Pancake,9,14,"4.0, 5.0, 1.0, 2.0, 6.0, 3.0, 8.0, 0.0, 7.0, ","8.0, 7.0, 6.0, 5.0, 4.0, 3.0, 2.0, 1.0, 0.0, ",16,37,2448,390,4.111111111111111,0.3132530120481928
167,Pancake,9,14,"4.0, 5.0, 1.0, 2.0, 6.0, 3.0, 8.0, 0.0, 7.0, ","8.0, 7.0, 6.0, 5.0, 4.0, 3.0, 2.0, 1.0, 0.0, ",17,37,2432,387,4.111111111111111,0.3108433734939759
168,Pancake,9,15,"8.0, 2.0, 7.0, 5.0, 6.0, 0.0, 4.0, 3.0, 1.0, ","8.0, 7.0, 6.0, 5.0, 4.0, 3.0, 2.0, 1.0, 0.0, ",1,11,14240,2326,1.0,1.0
169,Pancake,9,15,"8.0, 2.0, 7.0, 5.0, 6.0, 0.0, 4.0, 3.0, 1.0, ","8.0, 7.0, 6.0, 5.0, 4.0, 3.0, 2.0, 1.0, 0.0, ",2,11,1956,293,1.0,0.12596732588134135
170,Pancake,9,15,"8.0, 2.0, 7.0, 5.0, 6.0, 0.0, 4.0, 3.0, 1.0, ","8.0, 7.0, 6.0, 5.0, 4.0, 3.0, 2.0, 1.0, 0.0, ",3,16,1607,243,1.4545454545454546,0.10447119518486672
171,Pancake,9,15,"8.0, 2.0, 7.0, 5.0, 6.0, 0.0, 4.0, 3.0, 1.0, ","8.0, 7.0, 6.0, 5.0, 4.0, 3.0, 2.0, 1.0, 0.0, ",4,19,1132,173,1.7272727272727273,0.07437661220980224
172,Pancake,9,15,"8.0, 2.0, 7.0, 5.0, 6.0, 0.0, 4.0, 3.0, 1.0, ","8.0, 7.0, 6.0, 5.0, 4.0, 3.0, 2.0, 1.0, 0.0, ",5,19,979,148,1.7272727272727273,0.06362854686156492
173,Pancake,9,15,"8.0, 2.0, 7.0, 5.0, 6.0, 0.0, 4.0, 3.0, 1.0, ","8.0, 7.0, 6.0, 5.0, 4.0, 3.0, 2.0, 1.0, 0.0, ",6,19,1212,185,1.7272727272727273,0.07953568357695615
174,Pancake,9,15,"8.0, 2.0, 7.0, 5.0, 6.0, 0.0, 4.0, 3.0, 1.0, ","8.0, 7.0, 6.0, 5.0, 4.0, 3.0, 2.0, 1.0, 0.0, ",7,19,1122,171,1.7272727272727273,0.07351676698194325
175,Pancake,9,15,"8.0, 2.0, 7.0, 5.0, 6.0, 0.0, 4.0, 3.0, 1.0, ","8.0, 7.0, 6.0, 5.0, 4.0, 3.0, 2.0, 1.0, 0.0, ",8,19,1209,186,1.7272727272727273,0.07996560619088564
176,Pancake,9,15,"8.0, 2.0, 7.0, 5.0, 6.0, 0.0, 4.0, 3.0, 1.0, ","8.0, 7.0, 6.0, 5.0, 4.0, 3.0, 2.0, 1.0, 0.0, ",9,19,1150,176,1.7272727272727273,0.07566638005159071
177,Pancake,9,15,"8.0, 2.0, 7.0, 5.0, 6.0, 0.0, 4.0, 3.0, 1.0, ","8.0, 7.0, 6.0, 5.0, 4.0, 3.0, 2.0, 1.0, 0.0, ",10,19,1128,174,1.7272727272727273,0.07480653482373173
178,Pancake,9,15,"8.0, 2.0, 7.0, 5.0, 6.0, 0.0, 4.0, 3.0, 1.0, ","8.0, 7.0, 6.0, 5.0, 4.0, 3.0, 2.0, 1.0, 0.0, ",11,19,1180,182,1.7272727272727273,0.07824591573516768
179,Pancake,9,15,"8.0, 2.0, 7.0, 5.0, 6.0, 0.0, 4.0, 3.0, 1.0, ","8.0, 7.0, 6.0, 5.0, 4.0, 3.0, 2.0, 1.0, 0.0, ",12,19,1118,172,1.7272727272727273,0.07394668959587274
180,Pancake,9,15,"8.0, 2.0, 7.0, 5.0, 6.0, 0.0, 4.0, 3.0, 1.0, ","8.0, 7.0, 6.0, 5.0, 4.0, 3.0, 2.0, 1.0, 0.0, ",13,19,1271,196,1.7272727272727273,0.08426483233018056
181,Pancake,9,15,"8.0, 2.0, 7.0, 5.0, 6.0, 0.0, 4.0, 3.0, 1.0, ","8.0, 7.0, 6.0, 5.0, 4.0, 3.0, 2.0, 1.0, 0.0, ",14,19,1244,192,1.7272727272727273,0.0825451418744626
182,Pancake,9,16,"8.0, 1.0, 3.0, 5.0, 7.0, 4.0, 2.0, 0.0, 6.0, ","8.0, 7.0, 6.0, 5.0, 4.0, 3.0, 2.0, 1.0, 0.0, ",1,11,4312,675,1.0,1.0
183,Pancake,9,16,"8.0, 1.0, 3.0, 5.0, 7.0, 4.0, 2.0, 0.0, 6.0, ","8.0, 7.0, 6.0, 5.0, 4.0, 3.0, 2.0, 1.0, 0.0, ",2,11,473,68,1.0,0.10074074074074074
184,Pancake,9,16,"8.0, 1.0, 3.0, 5.0, 7.0, 4.0, 2.0, 0.0, 6.0, ","8.0, 7.0, 6.0, 5.0, 4.0, 3.0, 2.0, 1.0, 0.0, ",3,13,2056,309,1.1818181818181819,0.4577777777777778
185,Pancake,9,16,"8.0, 1.0, 3.0, 5.0, 7.0, 4.0, 2.0, 0.0, 6.0, ","8.0, 7.0, 6.0, 5.0, 4.0, 3.0, 2.0, 1.0, 0.0, ",4,13,2816,426,1.1818181818181819,0.6311111111111111
186,Pancake,9,16,"8.0, 1.0, 3.0, 5.0, 7.0, 4.0, 2.0, 0.0, 6.0, ","8.0, 7.0, 6.0, 5.0, 4.0, 3.0, 2.0, 1.0, 0.0, ",5,21,1069,159,1.9090909090909092,0.23555555555555555
187,Pancake,9,16,"8.0, 1.0, 3.0, 5.0, 7.0, 4.0, 2.0, 0.0, 6.0, ","8.0, 7.0, 6.0, 5.0, 4.0, 3.0, 2.0, 1.0, 0.0, ",6,24,696,102,2.1818181818181817,0.1511111111111111
188,Pancake,9,16,"8.0, 1.0, 3.0, 5.0, 7.0, 4.0, 2.0, 0.0, 6.0, ","8.0, 7.0, 6.0, 5.0, 4.0, 3.0, 2.0, 1.0, 0.0, ",7,24,642,94,2.1818181818181817,0.13925925925925925
189,Pancake,9,16,"8.0, 1.0, 3.0, 5.0, 7.0, 4.0, 2.0, 0.0, 6.0, ","8.0, 7.0, 6.0, 5.0, 4.0, 3.0, 2.0, 1.0, 0.0, ",8,24,595,87,2.1818181818181817,0.1288888888888889
190,Pancake,9,17,"0.0, 8.0, 3.0, 4.0, 1.0, 5.0, 7.0, 2.0, 6.0, ","8.0, 7.0, 6.0, 5.0, 4.0, 3.0, 2.0, 1.0, 0.0, ",1,12,28944,4822,1.0,1.0
191,Pancake,9,17,"0.0, 8.0, 3.0, 4.0, 1.0, 5.0, 7.0, 2.0, 6.0, ","8.0, 7.0, 6.0, 5.0, 4.0, 3.0, 2.0, 1.0, 0.0, ",2,13,3297,493,1.0833333333333333,0.10223973454997926
192,Pancake,9,17,"0.0, 8.0, 3.0, 4.0, 1.0, 5.0, 7.0, 2.0, 6.0, ","8.0, 7.0, 6.0, 5.0, 4.0, 3.0, 2.0, 1.0, 0.0, ",3,16,2033,299,1.3333333333333333,0.06200746578183326
193,Pancake,9,17,"0.0, 8.0, 3.0, 4.0, 1.0, 5.0, 7.0, 2.0, 6.0, ","8.0, 7.0, 6.0, 5.0, 4.0, 3.0, 2.0, 1.0, 0.0, ",4,14,264,38,1.1666666666666667,0.007880547490667772
194,Pancake,9,17,"0.0, 8.0, 3.0, 4.0, 1.0, 5.0, 7.0, 2.0, 6.0, ","8.0, 7.0, 6.0, 5.0, 4.0, 3.0, 2.0, 1.0, 0.0, ",5,19,269,39,1.5833333333333333,0.008087930319369557
195,Pancake,9,17,"0.0, 8.0, 3.0, 4.0, 1.0, 5.0, 7.0, 2.0, 6.0, ","8.0, 7.0, 6.0, 5.0, 4.0, 3.0, 2.0, 1.0, 0.0, ",6,19,262,38,1.5833333333333333,0.007880547490667772
196,Pancake,9,18,"0.0, 5.0, 6.0, 2.0, 8.0, 4.0, 7.0, 1.0, 3.0, ","8.0, 7.0, 6.0, 5.0, 4.0, 3.0, 2.0, 1.0, 0.0, ",1,13,26481,4428,1.0,1.0
197,Pancake,9,18,"0.0, 5.0, 6.0, 2.0, 8.0, 4.0, 7.0, 1.0, 3.0, ","8.0, 7.0, 6.0, 5.0, 4.0, 3.0, 2.0, 1.0, 0.0, ",2,12,4756,707,0.9230769230769231,0.1596657633242999
198,Pancake,9,18,"0.0, 5.0, 6.0, 2.0, 8.0, 4.0, 7.0, 1.0, 3.0, ","8.0, 7.0, 6.0, 5.0, 4.0, 3.0, 2.0, 1.0, 0.0, ",3,14,2314,353,1.0769230769230769,0.07971996386630532
199,Pancake,9,18,"0.0, 5.0, 6.0, 2.0, 8.0, 4.0, 7.0, 1.0, 3.0, ","8.0, 7.0, 6.0, 5.0, 4.0, 3.0, 2.0, 1.0, 0.0, ",4,18,1138,173,1.3846153846153846,0.03906955736224029
200,Pancake,9,18,"0.0, 5.0, 6.0, 2.0, 8.0, 4.0, 7.0, 1.0, 3.0, ","8.0, 7.0, 6.0, 5.0, 4.0, 3.0, 2.0, 1.0, 0.0, ",5,21,1279,194,1.6153846153846154,0.043812104787714544
201,Pancake,9,18,"0.0, 5.0, 6.0, 2.0, 8.0, 4.0, 7.0, 1.0, 3.0, ","8.0, 7.0, 6.0, 5.0, 4.0, 3.0, 2.0, 1.0, 0.0, ",6,23,1105,170,1.7692307692307692,0.03839205058717254
202,Pancake,9,18,"0.0, 5.0, 6.0, 2.0, 8.0, 4.0, 7.0, 1.0, 3.0, ","8.0, 7.0, 6.0, 5.0, 4.0, 3.0, 2.0, 1.0, 0.0, ",7,23,1108,170,1.7692307692307692,0.03839205058717254
203,Pancake,9,18,"0.0, 5.0, 6.0, 2.0, 8.0, 4.0, 7.0, 1.0, 3.0, ","8.0, 7.0, 6.0, 5.0, 4.0, 3.0, 2.0, 1.0, 0.0, ",8,23,1563,240,1.7692307692307692,0.05420054200542006
204,Pancake,9,18,"0.0, 5.0, 6.0, 2.0, 8.0, 4.0, 7.0, 1.0, 3.0, ","8.0, 7.0, 6.0, 5.0, 4.0, 3.0, 2.0, 1.0, 0.0, ",9,23,1517,232,1.7692307692307692,0.052393857271906055
205,Pancake,9,18,"0.0, 5.0, 6.0, 2.0, 8.0, 4.0, 7.0, 1.0, 3.0, ","8.0, 7.0, 6.0, 5.0, 4.0, 3.0, 2.0, 1.0, 0.0, ",10,23,1507,232,1.7692307692307692,0.052393857271906055
206,Pancake,9,18,"0.0, 5.0, 6.0, 2.0, 8.0, 4.0, 7.0, 1.0, 3.0, ","8.0, 7.0, 6.0, 5.0, 4.0, 3.0, 2.0, 1.0, 0.0, ",11,23,1503,230,1.7692307692307692,0.051942186088527555
207,Pancake,9,19,"1.0, 4.0, 0.0, 2.0, 6.0, 5.0, 8.0, 7.0, 3.0, ","8.0, 7.0, 6.0, 5.0, 4.0, 3.0, 2.0, 1.0, 0.0, ",1,10,27234,4517,1.0,1.0
208,Pancake,9,19,"1.0, 4.0, 0.0, 2.0, 6.0, 5.0, 8.0, 7.0, 3.0, ","8.0, 7.0, 6.0, 5.0, 4.0, 3.0, 2.0, 1.0, 0.0, ",2,12,1582,236,1.2,0.05224706663714855
209,Pancake,9,19,"1.0, 4.0, 0.0, 2.0, 6.0, 5.0, 8.0, 7.0, 3.0, ","8.0, 7.0, 6.0, 5.0, 4.0, 3.0, 2.0, 1.0, 0.0, ",3,16,636,94,1.6,0.020810272304626964
210,Pancake,9,19,"1.0, 4.0, 0.0, 2.0, 6.0, 5.0, 8.0, 7.0, 3.0, ","8.0, 7.0, 6.0, 5.0, 4.0, 3.0, 2.0, 1.0, 0.0, ",4,16,758,114,1.6,0.025237989816249723
211,Pancake,9,19,"1.0, 4.0, 0.0, 2.0, 6.0, 5.0, 8.0, 7.0, 3.0, ","8.0, 7.0, 6.0, 5.0, 4.0, 3.0, 2.0, 1.0, 0.0, ",5,16,829,127,1.6,0.028116006198804517
212,Pancake,9,19,"1.0, 4.0, 0.0, 2.0, 6.0, 5.0, 8.0, 7.0, 3.0, ","8.0, 7.0, 6.0, 5.0, 4.0, 3.0, 2.0, 1.0, 0.0, ",6,20,682,105,2.0,0.02324551693601948
213,Pancake,9,19,"1.0, 4.0, 0.0, 2.0, 6.0, 5.0, 8.0, 7.0, 3.0, ","8.0, 7.0, 6.0, 5.0, 4.0, 3.0, 2.0, 1.0, 0.0, ",7,20,709,110,2.0,0.02435244631392517
214,Pancake,9,19,"1.0, 4.0, 0.0, 2.0, 6.0, 5.0, 8.0, 7.0, 3.0, ","8.0, 7.0, 6.0, 5.0, 4.0, 3.0, 2.0, 1.0, 0.0, ",8,20,756,118,2.0,0.026123533318574275
215,Pancake,9,19,"1.0, 4.0, 0.0, 2.0, 6.0, 5.0, 8.0, 7.0, 3.0, ","8.0, 7.0, 6.0, 5.0, 4.0, 3.0, 2.0, 1.0, 0.0, ",9,20,768,120,2.0,0.02656630506973655
216,Pancake,9,19,"1.0, 4.0, 0.0, 2.0, 6.0, 5.0, 8.0, 7.0, 3.0, ","8.0, 7.0, 6.0, 5.0, 4.0, 3.0, 2.0, 1.0, 0.0, ",10,20,777,122,2.0,0.027009076820898828
217,Pancake,9,19,"1.0, 4.0, 0.0, 2.0, 6.0, 5.0, 8.0, 7.0, 3.0, ","8.0, 7.0, 6.0, 5.0, 4.0, 3.0, 2.0, 1.0, 0.0, ",11,20,784,123,2.0,0.027230462696479964
218,Pancake,9,20,"0.0, 1.0, 6.0, 8.0, 3.0, 4.0, 2.0, 5.0, 7.0, ","8.0, 7.0, 6.0, 5.0, 4.0, 3.0, 2.0, 1.0, 0.0, ",1,11,7755,1218,1.0,1.0
219,Pancake,9,20,"0.0, 1.0, 6.0, 8.0, 3.0, 4.0, 2.0, 5.0, 7.0, ","8.0, 7.0, 6.0, 5.0, 4.0, 3.0, 2.0, 1.0, 0.0, ",2,10,798,117,0.9090909090909091,0.0960591133004926
220,Pancake,9,20,"0.0, 1.0, 6.0, 8.0, 3.0, 4.0, 2.0, 5.0, 7.0, ","8.0, 7.0, 6.0, 5.0, 4.0, 3.0, 2.0, 1.0, 0.0, ",3,13,3526,529,1.1818181818181819,0.4343185550082102
221,Pancake,9,20,"0.0, 1.0, 6.0, 8.0, 3.0, 4.0, 2.0, 5.0, 7.0, ","8.0, 7.0, 6.0, 5.0, 4.0, 3.0, 2.0, 1.0, 0.0, ",4,19,724,106,1.7272727272727273,0.08702791461412152
222,Pancake,9,20,"0.0, 1.0, 6.0, 8.0, 3.0, 4.0, 2.0, 5.0, 7.0, ","8.0, 7.0, 6.0, 5.0, 4.0, 3.0, 2.0, 1.0, 0.0, ",5,19,772,113,1.7272727272727273,0.09277504105090312
223,Pancake,9,20,"0.0, 1.0, 6.0, 8.0, 3.0, 4.0, 2.0, 5.0, 7.0, ","8.0, 7.0, 6.0, 5.0, 4.0, 3.0, 2.0, 1.0, 0.0, ",6,20,1272,190,1.8181818181818181,0.15599343185550082
224,Pancake,9,20,"0.0, 1.0, 6.0, 8.0, 3.0, 4.0, 2.0, 5.0, 7.0, ","8.0, 7.0, 6.0, 5.0, 4.0, 3.0, 2.0, 1.0, 0.0, ",7,20,1136,171,1.8181818181818181,0.14039408866995073
225,Pancake,9,20,"0.0, 1.0, 6.0, 8.0, 3.0, 4.0, 2.0, 5.0, 7.0, ","8.0, 7.0, 6.0, 5.0, 4.0, 3.0, 2.0, 1.0, 0.0, ",8,19,1021,154,1.7272727272727273,0.12643678160919541
226,Pancake,9,20,"0.0, 1.0, 6.0, 8.0, 3.0, 4.0, 2.0, 5.0, 7.0, ","8.0, 7.0, 6.0, 5.0, 4.0, 3.0, 2.0, 1.0, 0.0, ",9,19,1081,163,1.7272727272727273,0.13382594417077176
227,Pancake,9,20,"0.0, 1.0, 6.0, 8.0, 3.0, 4.0, 2.0, 5.0, 7.0, ","8.0, 7.0, 6.0, 5.0, 4.0, 3.0, 2.0, 1.0, 0.0, ",10,20,1266,192,1.8181818181818181,0.15763546798029557
228,Pancake,9,20,"0.0, 1.0, 6.0, 8.0, 3.0, 4.0, 2.0, 5.0, 7.0, ","8.0, 7.0, 6.0, 5.0, 4.0, 3.0, 2.0, 1.0, 0.0, ",11,20,1268,193,1.8181818181818181,0.15845648604269294
229,Pancake,9,20,"0.0, 1.0, 6.0, 8.0, 3.0, 4.0, 2.0, 5.0, 7.0, ","8.0, 7.0, 6.0, 5.0, 4.0, 3.0, 2.0, 1.0, 0.0, ",12,20,1394,212,1.8181818181818181,0.17405582922824303
230,Pancake,9,20,"0.0, 1.0, 6.0, 8.0, 3.0, 4.0, 2.0, 5.0, 7.0, ","8.0, 7.0, 6.0, 5.0, 4.0, 3.0, 2.0, 1.0, 0.0, ",13,20,1430,218,1.8181818181818181,0.17898193760262726
231,Pancake,9,20,"0.0, 1.0, 6.0, 8.0, 3.0, 4.0, 2.0, 5.0, 7.0, ","8.0, 7.0, 6.0, 5.0, 4.0, 3.0, 2.0, 1.0, 0.0, ",14,20,1461,223,1.8181818181818181,0.18308702791461412
232,Pancake,9,20,"0.0, 1.0, 6.0, 8.0, 3.0, 4.0, 2.0, 5.0, 7.0, ","8.0, 7.0, 6.0, 5.0, 4.0, 3.0, 2.0, 1.0, 0.0, ",15,20,1467,224,1.8181818181818181,0.1839080459770115
233,Pancake,9,21,"7.0, 6.0, 8.0, 3.0, 4.0, 5.0, 2.0, 1.0, 0.0, ","8.0, 7.0, 6.0, 5.0, 4.0, 3.0, 2.0, 1.0, 0.0, ",1,10,1641,244,1.0,1.0
234,Pancake,9,21,"7.0, 6.0, 8.0, 3.0, 4.0, 5.0, 2.0, 1.0, 0.0, ","8.0, 7.0, 6.0, 5.0, 4.0, 3.0, 2.0, 1.0, 0.0, ",2,10,315,46,1.0,0.1885245901639344
235,Pancake,9,21,"7.0, 6.0, 8.0, 3.0, 4.0, 5.0, 2.0, 1.0, 0.0, ","8.0, 7.0, 6.0, 5.0, 4.0, 3.0, 2.0, 1.0, 0.0, ",3,10,133,19,1.0,0.0778688524590164
236,Pancake,9,22,"8.0, 3.0, 0.0, 1.0, 5.0, 7.0, 6.0, 2.0, 4.0, ","8.0, 7.0, 6.0, 5.0, 4.0, 3.0, 2.0, 1.0, 0.0, ",1,8,313,46,1.0,1.0
237,Pancake,9,22,"8.0, 3.0, 0.0, 1.0, 5.0, 7.0, 6.0, 2.0, 4.0, ","8.0, 7.0, 6.0, 5.0, 4.0, 3.0, 2.0, 1.0, 0.0, ",2,11,519,75,1.375,1.6304347826086956
238,Pancake,9,22,"8.0, 3.0, 0.0, 1.0, 5.0, 7.0, 6.0, 2.0, 4.0, ","8.0, 7.0, 6.0, 5.0, 4.0, 3.0, 2.0, 1.0, 0.0, ",3,11,253,37,1.375,0.8043478260869565
239,Pancake,9,22,"8.0, 3.0, 0.0, 1.0, 5.0, 7.0, 6.0, 2.0, 4.0, ","8.0, 7.0, 6.0, 5.0, 4.0, 3.0, 2.0, 1.0, 0.0, ",4,11,296,43,1.375,0.9347826086956522
240,Pancake,9,22,"8.0, 3.0, 0.0, 1.0, 5.0, 7.0, 6.0, 2.0, 4.0, ","8.0, 7.0, 6.0, 5.0, 4.0, 3.0, 2.0, 1.0, 0.0, ",5,19,178,26,2.375,0.5652173913043478
241,Pancake,9,22,"8.0, 3.0, 0.0, 1.0, 5.0, 7.0, 6.0, 2.0, 4.0, ","8.0, 7.0, 6.0, 5.0, 4.0, 3.0, 2.0, 1.0, 0.0, ",6,19,167,24,2.375,0.5217391304347826
242,Pancake,9,23,"3.0, 1.0, 4.0, 0.0, 8.0, 6.0, 7.0, 5.0, 2.0, ","8.0, 7.0, 6.0, 5.0, 4.0, 3.0, 2.0, 1.0, 0.0, ",1,11,19270,3125,1.0,1.0
243,Pancake,9,23,"3.0, 1.0, 4.0, 0.0, 8.0, 6.0, 7.0, 5.0, 2.0, ","8.0, 7.0, 6.0, 5.0, 4.0, 3.0, 2.0, 1.0, 0.0, ",2,14,1450,213,1.2727272727272727,0.06816
244,Pancake,9,23,"3.0, 1.0, 4.0, 0.0, 8.0, 6.0, 7.0, 5.0, 2.0, ","8.0, 7.0, 6.0, 5.0, 4.0, 3.0, 2.0, 1.0, 0.0, ",3,14,2620,397,1.2727272727272727,0.12704
245,Pancake,9,23,"3.0, 1.0, 4.0, 0.0, 8.0, 6.0, 7.0, 5.0, 2.0, ","8.0, 7.0, 6.0, 5.0, 4.0, 3.0, 2.0, 1.0, 0.0, ",4,21,2024,306,1.9090909090909092,0.09792
246,Pancake,9,23,"3.0, 1.0, 4.0, 0.0, 8.0, 6.0, 7.0, 5.0, 2.0, ","8.0, 7.0, 6.0, 5.0, 4.0, 3.0, 2.0, 1.0, 0.0, ",5,20,1262,188,1.8181818181818181,0.06016
247,Pancake,9,23,"3.0, 1.0, 4.0, 0.0, 8.0, 6.0, 7.0, 5.0, 2.0, ","8.0, 7.0, 6.0, 5.0, 4.0, 3.0, 2.0, 1.0, 0.0, ",6,20,1515,227,1.8181818181818181,0.07264
248,Pancake,9,23,"3.0, 1.0, 4.0, 0.0, 8.0, 6.0, 7.0, 5.0, 2.0, ","8.0, 7.0, 6.0, 5.0, 4.0, 3.0, 2.0, 1.0, 0.0, ",7,20,1834,276,1.8181818181818181,0.08832
249,Pancake,9,23,"3.0, 1.0, 4.0, 0.0, 8.0, 6.0, 7.0, 5.0, 2.0, ","8.0, 7.0, 6.0, 5.0, 4.0, 3.0, 2.0, 1.0, 0.0, ",8,20,1827,275,1.8181818181818181,0.088
250,Pancake,9,23,"3.0, 1.0, 4.0, 0.0, 8.0, 6.0, 7.0, 5.0, 2.0, ","8.0, 7.0, 6.0, 5.0, 4.0, 3.0, 2.0, 1.0, 0.0, ",9,20,1731,262,1.8181818181818181,0.08384
251,Pancake,9,23,"3.0, 1.0, 4.0, 0.0, 8.0, 6.0, 7.0, 5.0, 2.0, ","8.0, 7.0, 6.0, 5.0, 4.0, 3.0, 2.0, 1.0, 0.0, ",10,20,2109,320,1.8181818181818181,0.1024
252,Pancake,9,23,"3.0, 1.0, 4.0, 0.0, 8.0, 6.0, 7.0, 5.0, 2.0, ","8.0, 7.0, 6.0, 5.0, 4.0, 3.0, 2.0, 1.0, 0.0, ",11,20,1903,291,1.8181818181818181,0.09312
253,Pancake,9,23,"3.0, 1.0, 4.0, 0.0, 8.0, 6.0, 7.0, 5.0, 2.0, ","8.0, 7.0, 6.0, 5.0, 4.0, 3.0, 2.0, 1.0, 0.0, ",12,37,1179,177,3.3636363636363638,0.05664
254,Pancake,9,24,"8.0, 2.0, 6.0, 4.0, 7.0, 0.0, 1.0, 5.0, 3.0, ","8.0, 7.0, 6.0, 5.0, 4.0, 3.0, 2.0, 1.0, 0.0, ",1,11,40703,7413,1.0,1.0
255,Pancake,9,24,"8.0, 2.0, 6.0, 4.0, 7.0, 0.0, 1.0, 5.0, 3.0, ","8.0, 7.0, 6.0, 5.0, 4.0, 3.0, 2.0, 1.0, 0.0, ",2,11,1069,159,1.0,0.021448806151355727
256,Pancake,9,24,"8.0, 2.0, 6.0, 4.0, 7.0, 0.0, 1.0, 5.0, 3.0, ","8.0, 7.0, 6.0, 5.0, 4.0, 3.0, 2.0, 1.0, 0.0, ",3,11,1258,189,1.0,0.025495750708215296
257,Pancake,9,24,"8.0, 2.0, 6.0, 4.0, 7.0, 0.0, 1.0, 5.0, 3.0, ","8.0, 7.0, 6.0, 5.0, 4.0, 3.0, 2.0, 1.0, 0.0, ",4,12,2280,344,1.0909090909090908,0.04640496425198975
258,Pancake,9,24,"8.0, 2.0, 6.0, 4.0, 7.0, 0.0, 1.0, 5.0, 3.0, ","8.0, 7.0, 6.0, 5.0, 4.0, 3.0, 2.0, 1.0, 0.0, ",5,16,741,116,1.4545454545454546,0.015648185619857008
259,Pancake,9,24,"8.0, 2.0, 6.0, 4.0, 7.0, 0.0, 1.0, 5.0, 3.0, ","8.0, 7.0, 6.0, 5.0, 4.0, 3.0, 2.0, 1.0, 0.0, ",6,13,666,106,1.1818181818181819,0.014299204100903818
260,Pancake,9,24,"8.0, 2.0, 6.0, 4.0, 7.0, 0.0, 1.0, 5.0, 3.0, ","8.0, 7.0, 6.0, 5.0, 4.0, 3.0, 2.0, 1.0, 0.0, ",7,16,970,150,1.4545454545454546,0.020234722784297856
261,Pancake,9,24,"8.0, 2.0, 6.0, 4.0, 7.0, 0.0, 1.0, 5.0, 3.0, ","8.0, 7.0, 6.0, 5.0, 4.0, 3.0, 2.0, 1.0, 0.0, ",8,16,931,144,1.4545454545454546,0.01942533387292594
262,Pancake,9,24,"8.0, 2.0, 6.0, 4.0, 7.0, 0.0, 1.0, 5.0, 3.0, ","8.0, 7.0, 6.0, 5.0, 4.0, 3.0, 2.0, 1.0, 0.0, ",9,13,903,141,1.1818181818181819,0.019020639417239985
263,Pancake,9,24,"8.0, 2.0, 6.0, 4.0, 7.0, 0.0, 1.0, 5.0, 3.0, ","8.0, 7.0, 6.0, 5.0, 4.0, 3.0, 2.0, 1.0, 0.0, ",10,13,717,114,1.1818181818181819,0.01537838931606637
264,Pancake,9,24,"8.0, 2.0, 6.0, 4.0, 7.0, 0.0, 1.0, 5.0, 3.0, ","8.0, 7.0, 6.0, 5.0, 4.0, 3.0, 2.0, 1.0, 0.0, ",11,16,845,133,1.4545454545454546,0.01794145420207743
265,Pancake,9,24,"8.0, 2.0, 6.0, 4.0, 7.0, 0.0, 1.0, 5.0, 3.0, ","8.0, 7.0, 6.0, 5.0, 4.0, 3.0, 2.0, 1.0, 0.0, ",12,13,723,115,1.1818181818181819,0.015513287467961689
266,Pancake,9,24,"8.0, 2.0, 6.0, 4.0, 7.0, 0.0, 1.0, 5.0, 3.0, ","8.0, 7.0, 6.0, 5.0, 4.0, 3.0, 2.0, 1.0, 0.0, ",13,13,737,117,1.1818181818181819,0.01578308377175233
267,Pancake,9,25,"4.0, 7.0, 3.0, 1.0, 8.0, 6.0, 5.0, 2.0, 0.0, ","8.0, 7.0, 6.0, 5.0, 4.0, 3.0, 2.0, 1.0, 0.0, ",1,11,27629,4791,1.0,1.0
268,Pancake,9,25,"4.0, 7.0, 3.0, 1.0, 8.0, 6.0, 5.0, 2.0, 0.0, ","8.0, 7.0, 6.0, 5.0, 4.0, 3.0, 2.0, 1.0, 0.0, ",2,11,3647,571,1.0,0.11918179920684617
269,Pancake,9,25,"4.0, 7.0, 3.0, 1.0, 8.0, 6.0, 5.0, 2.0, 0.0, ","8.0, 7.0, 6.0, 5.0, 4.0, 3.0, 2.0, 1.0, 0.0, ",3,14,3583,568,1.2727272727272727,0.11855562513045294
270,Pancake,9,25,"4.0, 7.0, 3.0, 1.0, 8.0, 6.0, 5.0, 2.0, 0.0, ","8.0, 7.0, 6.0, 5.0, 4.0, 3.0, 2.0, 1.0, 0.0, ",4,19,2091,340,1.7272727272727273,0.0709663953245669
271,Pancake,9,25,"4.0, 7.0, 3.0, 1.0, 8.0, 6.0, 5.0, 2.0, 0.0, ","8.0, 7.0, 6.0, 5.0, 4.0, 3.0, 2.0, 1.0, 0.0, ",5,19,2271,368,1.7272727272727273,0.07681068670423712
272,Pancake,9,25,"4.0, 7.0, 3.0, 1.0, 8.0, 6.0, 5.0, 2.0, 0.0, ","8.0, 7.0, 6.0, 5.0, 4.0, 3.0, 2.0, 1.0, 0.0, ",6,19,2769,462,1.7272727272727273,0.09643080776455855
273,Pancake,9,25,"4.0, 7.0, 3.0, 1.0, 8.0, 6.0, 5.0, 2.0, 0.0, ","8.0, 7.0, 6.0, 5.0, 4.0, 3.0, 2.0, 1.0, 0.0, ",7,19,3478,598,1.7272727272727273,0.1248173658943853
274,Pancake,9,25,"4.0, 7.0, 3.0, 1.0, 8.0, 6.0, 5.0, 2.0, 0.0, ","8.0, 7.0, 6.0, 5.0, 4.0, 3.0, 2.0, 1.0, 0.0, ",8,26,3450,584,2.3636363636363638,0.1218952202045502
275,Pancake,9,25,"4.0, 7.0, 3.0, 1.0, 8.0, 6.0, 5.0, 2.0, 0.0, ","8.0, 7.0, 6.0, 5.0, 4.0, 3.0, 2.0, 1.0, 0.0, ",9,26,3825,655,2.3636363636363638,0.13671467334585682
276,Pancake,9,25,"4.0, 7.0, 3.0, 1.0, 8.0, 6.0, 5.0, 2.0, 0.0, ","8.0, 7.0, 6.0, 5.0, 4.0, 3.0, 2.0, 1.0, 0.0, ",10,26,3935,671,2.3636363636363638,0.14005426841995408
277,Pancake,9,25,"4.0, 7.0, 3.0, 1.0, 8.0, 6.0, 5.0, 2.0, 0.0, ","8.0, 7.0, 6.0, 5.0, 4.0, 3.0, 2.0, 1.0, 0.0, ",11,26,4660,783,2.3636363636363638,0.16343143393863493
278,Pancake,9,25,"4.0, 7.0, 3.0, 1.0, 8.0, 6.0, 5.0, 2.0, 0.0, ","8.0, 7.0, 6.0, 5.0, 4.0, 3.0, 2.0, 1.0, 0.0, ",12,26,3684,622,2.3636363636363638,0.12982675850553121
279,Pancake,9,25,"4.0, 7.0, 3.0, 1.0, 8.0, 6.0, 5.0, 2.0, 0.0, ","8.0, 7.0, 6.0, 5.0, 4.0, 3.0, 2.0, 1.0, 0.0, ",13,26,4094,698,2.3636363636363638,0.14568983510749323
280,Pancake,9,25,"4.0, 7.0, 3.0, 1.0, 8.0, 6.0, 5.0, 2.0, 0.0, ","8.0, 7.0, 6.0, 5.0, 4.0, 3.0, 2.0, 1.0, 0.0, ",14,26,4143,706,2.3636363636363638,0.14735963264454185
281,Pancake,9,25,"4.0, 7.0, 3.0, 1.0, 8.0, 6.0, 5.0, 2.0, 0.0, ","8.0, 7.0, 6.0, 5.0, 4.0, 3.0, 2.0, 1.0, 0.0, ",15,26,4191,713,2.3636363636363638,0.14882070548945942
282,Pancake,9,25,"4.0, 7.0, 3.0, 1.0, 8.0, 6.0, 5.0, 2.0, 0.0, ","8.0, 7.0, 6.0, 5.0, 4.0, 3.0, 2.0, 1.0, 0.0, ",16,26,4226,718,2.3636363636363638,0.1498643289501148
283,Pancake,9,25,"4.0, 7.0, 3.0, 1.0, 8.0, 6.0, 5.0, 2.0, 0.0, ","8.0, 7.0, 6.0, 5.0, 4.0, 3.0, 2.0, 1.0, 0.0, ",17,38,3799,643,3.4545454545454546,0.13420997704028387
284,Pancake,9,26,"5.0, 8.0, 4.0, 3.0, 2.0, 0.0, 1.0, 6.0, 7.0, ","8.0, 7.0, 6.0, 5.0, 4.0, 3.0, 2.0, 1.0, 0.0, ",1,10,5506,847,1.0,1.0
285,Pancake,9,26,"5.0, 8.0, 4.0, 3.0, 2.0, 0.0, 1.0, 6.0, 7.0, ","8.0, 7.0, 6.0, 5.0, 4.0, 3.0, 2.0, 1.0, 0.0, ",2,13,4362,678,1.3,0.8004722550177096
286,Pancake,9,26,"5.0, 8.0, 4.0, 3.0, 2.0, 0.0, 1.0, 6.0, 7.0, ","8.0, 7.0, 6.0, 5.0, 4.0, 3.0, 2.0, 1.0, 0.0, ",3,15,3254,512,1.5,0.6044864226682408
287,Pancake,9,26,"5.0, 8.0, 4.0, 3.0, 2.0, 0.0, 1.0, 6.0, 7.0, ","8.0, 7.0, 6.0, 5.0, 4.0, 3.0, 2.0, 1.0, 0.0, ",4,14,3127,485,1.4,0.5726092089728453
288,Pancake,9,26,"5.0, 8.0, 4.0, 3.0, 2.0, 0.0, 1.0, 6.0, 7.0, ","8.0, 7.0, 6.0, 5.0, 4.0, 3.0, 2.0, 1.0, 0.0, ",5,14,2008,319,1.4,0.37662337662337664
289,Pancake,9,26,"5.0, 8.0, 4.0, 3.0, 2.0, 0.0, 1.0, 6.0, 7.0, ","8.0, 7.0, 6.0, 5.0, 4.0, 3.0, 2.0, 1.0, 0.0, ",6,14,1565,249,1.4,0.2939787485242031
290,Pancake,9,26,"5.0, 8.0, 4.0, 3.0, 2.0, 0.0, 1.0, 6.0, 7.0, ","8.0, 7.0, 6.0, 5.0, 4.0, 3.0, 2.0, 1.0, 0.0, ",7,23,2057,328,2.3,0.3872491145218418
291,Pancake,9,26,"5.0, 8.0, 4.0, 3.0, 2.0, 0.0, 1.0, 6.0, 7.0, ","8.0, 7.0, 6.0, 5.0, 4.0, 3.0, 2.0, 1.0, 0.0, ",8,24,1871,295,2.4,0.3482880755608028
292,Pancake,9,26,"5.0, 8.0, 4.0, 3.0, 2.0, 0.0, 1.0, 6.0, 7.0, ","8.0, 7.0, 6.0, 5.0, 4.0, 3.0, 2.0, 1.0, 0.0, ",9,14,1553,247,1.4,0.29161747343565525
293,Pancake,9,26,"5.0, 8.0, 4.0, 3.0, 2.0, 0.0, 1.0, 6.0, 7.0, ","8.0, 7.0, 6.0, 5.0, 4.0, 3.0, 2.0, 1.0, 0.0, ",10,23,1794,282,2.3,0.33293978748524206
294,Pancake,9,26,"5.0, 8.0, 4.0, 3.0, 2.0, 0.0, 1.0, 6.0, 7.0, ","8.0, 7.0, 6.0, 5.0, 4.0, 3.0, 2.0, 1.0, 0.0, ",11,23,1848,291,2.3,0.3435655253837072
295,Pancake,9,26,"5.0, 8.0, 4.0, 3.0, 2.0, 0.0, 1.0, 6.0, 7.0, ","8.0, 7.0, 6.0, 5.0, 4.0, 3.0, 2.0, 1.0, 0.0, ",12,14,1582,249,1.4,0.2939787485242031
296,Pancake,9,26,"5.0, 8.0, 4.0, 3.0, 2.0, 0.0, 1.0, 6.0, 7.0, ","8.0, 7.0, 6.0, 5.0, 4.0, 3.0, 2.0, 1.0, 0.0, ",13,23,1916,301,2.3,0.35537190082644626
297,Pancake,9,27,"0.0, 7.0, 5.0, 2.0, 3.0, 6.0, 8.0, 1.0, 4.0, ","8.0, 7.0, 6.0, 5.0, 4.0, 3.0, 2.0, 1.0, 0.0, ",1,13,83615,15751,1.0,1.0
298,Pancake,9,27,"0.0, 7.0, 5.0, 2.0, 3.0, 6.0, 8.0, 1.0, 4.0, ","8.0, 7.0, 6.0, 5.0, 4.0, 3.0, 2.0, 1.0, 0.0, ",2,13,13434,2090,1.0,0.13268998793727382
299,Pancake,9,27,"0.0, 7.0, 5.0, 2.0, 3.0, 6.0, 8.0, 1.0, 4.0, ","8.0, 7.0, 6.0, 5.0, 4.0, 3.0, 2.0, 1.0, 0.0, ",3,19,3854,577,1.4615384615384615,0.036632594755888516
300,Pancake,9,27,"0.0, 7.0, 5.0, 2.0, 3.0, 6.0, 8.0, 1.0, 4.0, ","8.0, 7.0, 6.0, 5.0, 4.0, 3.0, 2.0, 1.0, 0.0, ",4,20,981,145,1.5384615384615385,0.009205764713351534
301,Pancake,9,27,"0.0, 7.0, 5.0, 2.0, 3.0, 6.0, 8.0, 1.0, 4.0, ","8.0, 7.0, 6.0, 5.0, 4.0, 3.0, 2.0, 1.0, 0.0, ",5,20,728,108,1.5384615384615385,0.006856707510634245
302,Pancake,9,27,"0.0, 7.0, 5.0, 2.0, 3.0, 6.0, 8.0, 1.0, 4.0, ","8.0, 7.0, 6.0, 5.0, 4.0, 3.0, 2.0, 1.0, 0.0, ",6,20,818,123,1.5384615384615385,0.007809027998222335
303,Pancake,9,27,"0.0, 7.0, 5.0, 2.0, 3.0, 6.0, 8.0, 1.0, 4.0, ","8.0, 7.0, 6.0, 5.0, 4.0, 3.0, 2.0, 1.0, 0.0, ",7,20,882,134,1.5384615384615385,0.008507396355786933
304,Pancake,9,27,"0.0, 7.0, 5.0, 2.0, 3.0, 6.0, 8.0, 1.0, 4.0, ","8.0, 7.0, 6.0, 5.0, 4.0, 3.0, 2.0, 1.0, 0.0, ",8,20,950,144,1.5384615384615385,0.00914227668084566
305,Pancake,9,27,"0.0, 7.0, 5.0, 2.0, 3.0, 6.0, 8.0, 1.0, 4.0, ","8.0, 7.0, 6.0, 5.0, 4.0, 3.0, 2.0, 1.0, 0.0, ",9,20,1045,159,1.5384615384615385,0.01009459716843375
306,Pancake,9,27,"0.0, 7.0, 5.0, 2.0, 3.0, 6.0, 8.0, 1.0, 4.0, ","8.0, 7.0, 6.0, 5.0, 4.0, 3.0, 2.0, 1.0, 0.0, ",10,20,1042,159,1.5384615384615385,0.01009459716843375
307,Pancake,9,27,"0.0, 7.0, 5.0, 2.0, 3.0, 6.0, 8.0, 1.0, 4.0, ","8.0, 7.0, 6.0, 5.0, 4.0, 3.0, 2.0, 1.0, 0.0, ",11,20,1111,170,1.5384615384615385,0.010792965525998349
308,Pancake,9,27,"0.0, 7.0, 5.0, 2.0, 3.0, 6.0, 8.0, 1.0, 4.0, ","8.0, 7.0, 6.0, 5.0, 4.0, 3.0, 2.0, 1.0, 0.0, ",12,20,1139,174,1.5384615384615385,0.011046917656021839
309,Pancake,9,27,"0.0, 7.0, 5.0, 2.0, 3.0, 6.0, 8.0, 1.0, 4.0, ","8.0, 7.0, 6.0, 5.0, 4.0, 3.0, 2.0, 1.0, 0.0, ",13,20,1174,180,1.5384615384615385,0.011427845851057076
310,Pancake,9,27,"0.0, 7.0, 5.0, 2.0, 3.0, 6.0, 8.0, 1.0, 4.0, ","8.0, 7.0, 6.0, 5.0, 4.0, 3.0, 2.0, 1.0, 0.0, ",14,20,1199,184,1.5384615384615385,0.011681797981080566
311,Pancake,9,27,"0.0, 7.0, 5.0, 2.0, 3.0, 6.0, 8.0, 1.0, 4.0, ","8.0, 7.0, 6.0, 5.0, 4.0, 3.0, 2.0, 1.0, 0.0, ",15,20,1211,186,1.5384615384615385,0.011808774046092312
312,Pancake,9,28,"5.0, 6.0, 1.0, 4.0, 0.0, 2.0, 3.0, 8.0, 7.0, ","8.0, 7.0, 6.0, 5.0, 4.0, 3.0, 2.0, 1.0, 0.0, ",1,9,1417,207,1.0,1.0
313,Pancake,9,28,"5.0, 6.0, 1.0, 4.0, 0.0, 2.0, 3.0, 8.0, 7.0, ","8.0, 7.0, 6.0, 5.0, 4.0, 3.0, 2.0, 1.0, 0.0, ",2,11,5687,876,1.2222222222222223,4.231884057971015
314,Pancake,9,28,"5.0, 6.0, 1.0, 4.0, 0.0, 2.0, 3.0, 8.0, 7.0, ","8.0, 7.0, 6.0, 5.0, 4.0, 3.0, 2.0, 1.0, 0.0, ",3,16,5597,860,1.7777777777777777,4.154589371980676
315,Pancake,9,28,"5.0, 6.0, 1.0, 4.0, 0.0, 2.0, 3.0, 8.0, 7.0, ","8.0, 7.0, 6.0, 5.0, 4.0, 3.0, 2.0, 1.0, 0.0, ",4,22,2041,313,2.4444444444444446,1.5120772946859904
316,Pancake,9,28,"5.0, 6.0, 1.0, 4.0, 0.0, 2.0, 3.0, 8.0, 7.0, ","8.0, 7.0, 6.0, 5.0, 4.0, 3.0, 2.0, 1.0, 0.0, ",5,23,2026,314,2.5555555555555554,1.5169082125603865
317,Pancake,9,28,"5.0, 6.0, 1.0, 4.0, 0.0, 2.0, 3.0, 8.0, 7.0, ","8.0, 7.0, 6.0, 5.0, 4.0, 3.0, 2.0, 1.0, 0.0, ",6,23,2021,315,2.5555555555555554,1.5217391304347827
318,Pancake,9,28,"5.0, 6.0, 1.0, 4.0, 0.0, 2.0, 3.0, 8.0, 7.0, ","8.0, 7.0, 6.0, 5.0, 4.0, 3.0, 2.0, 1.0, 0.0, ",7,23,2437,390,2.5555555555555554,1.8840579710144927
319,Pancake,9,28,"5.0, 6.0, 1.0, 4.0, 0.0, 2.0, 3.0, 8.0, 7.0, ","8.0, 7.0, 6.0, 5.0, 4.0, 3.0, 2.0, 1.0, 0.0, ",8,23,2382,380,2.5555555555555554,1.8357487922705313
320,Pancake,9,28,"5.0, 6.0, 1.0, 4.0, 0.0, 2.0, 3.0, 8.0, 7.0, ","8.0, 7.0, 6.0, 5.0, 4.0, 3.0, 2.0, 1.0, 0.0, ",9,23,2191,344,2.5555555555555554,1.6618357487922706
321,Pancake,9,28,"5.0, 6.0, 1.0, 4.0, 0.0, 2.0, 3.0, 8.0, 7.0, ","8.0, 7.0, 6.0, 5.0, 4.0, 3.0, 2.0, 1.0, 0.0, ",10,25,2405,380,2.7777777777777777,1.8357487922705313
322,Pancake,9,28,"5.0, 6.0, 1.0, 4.0, 0.0, 2.0, 3.0, 8.0, 7.0, ","8.0, 7.0, 6.0, 5.0, 4.0, 3.0, 2.0, 1.0, 0.0, ",11,25,2436,383,2.7777777777777777,1.8502415458937198
323,Pancake,9,28,"5.0, 6.0, 1.0, 4.0, 0.0, 2.0, 3.0, 8.0, 7.0, ","8.0, 7.0, 6.0, 5.0, 4.0, 3.0, 2.0, 1.0, 0.0, ",12,25,2349,370,2.7777777777777777,1.78743961352657
324,Pancake,9,28,"5.0, 6.0, 1.0, 4.0, 0.0, 2.0, 3.0, 8.0, 7.0, ","8.0, 7.0, 6.0, 5.0, 4.0, 3.0, 2.0, 1.0, 0.0, ",13,23,2140,335,2.5555555555555554,1.6183574879227054
325,Pancake,9,28,"5.0, 6.0, 1.0, 4.0, 0.0, 2.0, 3.0, 8.0, 7.0, ","8.0, 7.0, 6.0, 5.0, 4.0, 3.0, 2.0, 1.0, 0.0, ",14,23,2147,337,2.5555555555555554,1.6280193236714975
326,Pancake,9,28,"5.0, 6.0, 1.0, 4.0, 0.0, 2.0, 3.0, 8.0, 7.0, ","8.0, 7.0, 6.0, 5.0, 4.0, 3.0, 2.0, 1.0, 0.0, ",15,23,2072,324,2.5555555555555554,1.565217391304348
327,Pancake,9,28,"5.0, 6.0, 1.0, 4.0, 0.0, 2.0, 3.0, 8.0, 7.0, ","8.0, 7.0, 6.0, 5.0, 4.0, 3.0, 2.0, 1.0, 0.0, ",16,23,2060,319,2.5555555555555554,1.541062801932367
328,Pancake,9,28,"5.0, 6.0, 1.0, 4.0, 0.0, 2.0, 3.0, 8.0, 7.0, ","8.0, 7.0, 6.0, 5.0, 4.0, 3.0, 2.0, 1.0, 0.0, ",17,23,1927,296,2.5555555555555554,1.429951690821256
329,Pancake,9,28,"5.0, 6.0, 1.0, 4.0, 0.0, 2.0, 3.0, 8.0, 7.0, ","8.0, 7.0, 6.0, 5.0, 4.0, 3.0, 2.0, 1.0, 0.0, ",18,23,1944,299,2.5555555555555554,1.4444444444444444
330,Pancake,9,28,"5.0, 6.0, 1.0, 4.0, 0.0, 2.0, 3.0, 8.0, 7.0, ","8.0, 7.0, 6.0, 5.0, 4.0, 3.0, 2.0, 1.0, 0.0, ",19,23,1904,294,2.5555555555555554,1.4202898550724639
331,Pancake,9,28,"5.0, 6.0, 1.0, 4.0, 0.0, 2.0, 3.0, 8.0, 7.0, ","8.0, 7.0, 6.0, 5.0, 4.0, 3.0, 2.0, 1.0, 0.0, ",20,23,1831,281,2.5555555555555554,1.357487922705314
332,Pancake,9,28,"5.0, 6.0, 1.0, 4.0, 0.0, 2.0, 3.0, 8.0, 7.0, ","8.0, 7.0, 6.0, 5.0, 4.0, 3.0, 2.0, 1.0, 0.0, ",21,25,2001,308,2.7777777777777777,1.4879227053140096
333,Pancake,9,29,"4.0, 7.0, 1.0, 2.0, 8.0, 6.0, 0.0, 3.0, 5.0, ","8.0, 7.0, 6.0, 5.0, 4.0, 3.0, 2.0, 1.0, 0.0, ",1,10,11531,1849,1.0,1.0
334,Pancake,9,29,"4.0, 7.0, 1.0, 2.0, 8.0, 6.0, 0.0, 3.0, 5.0, ","8.0, 7.0, 6.0, 5.0, 4.0, 3.0, 2.0, 1.0, 0.0, ",2,15,7552,1161,1.5,0.627906976744186
335,Pancake,9,29,"4.0, 7.0, 1.0, 2.0, 8.0, 6.0, 0.0, 3.0, 5.0, ","8.0, 7.0, 6.0, 5.0, 4.0, 3.0, 2.0, 1.0, 0.0, ",3,15,1431,212,1.5,0.11465657111952407
336,Pancake,9,29,"4.0, 7.0, 1.0, 2.0, 8.0, 6.0, 0.0, 3.0, 5.0, ","8.0, 7.0, 6.0, 5.0, 4.0, 3.0, 2.0, 1.0, 0.0, ",4,15,2088,314,1.5,0.16982152514872903
337,Pancake,9,29,"4.0, 7.0, 1.0, 2.0, 8.0, 6.0, 0.0, 3.0, 5.0, ","8.0, 7.0, 6.0, 5.0, 4.0, 3.0, 2.0, 1.0, 0.0, ",5,21,2214,345,2.1,0.18658734451054623
338,Pancake,9,29,"4.0, 7.0, 1.0, 2.0, 8.0, 6.0, 0.0, 3.0, 5.0, ","8.0, 7.0, 6.0, 5.0, 4.0, 3.0, 2.0, 1.0, 0.0, ",6,21,2859,447,2.1,0.24175229853975122
339,Pancake,9,29,"4.0, 7.0, 1.0, 2.0, 8.0, 6.0, 0.0, 3.0, 5.0, ","8.0, 7.0, 6.0, 5.0, 4.0, 3.0, 2.0, 1.0, 0.0, ",7,25,2315,366,2.5,0.1979448350459708
340,Pancake,9,29,"4.0, 7.0, 1.0, 2.0, 8.0, 6.0, 0.0, 3.0, 5.0, ","8.0, 7.0, 6.0, 5.0, 4.0, 3.0, 2.0, 1.0, 0.0, ",8,21,3609,569,2.1,0.30773391022174146
341,Pancake,9,29,"4.0, 7.0, 1.0, 2.0, 8.0, 6.0, 0.0, 3.0, 5.0, ","8.0, 7.0, 6.0, 5.0, 4.0, 3.0, 2.0, 1.0, 0.0, ",9,21,3143,496,2.1,0.2682531097890752
342,Pancake,9,29,"4.0, 7.0, 1.0, 2.0, 8.0, 6.0, 0.0, 3.0, 5.0, ","8.0, 7.0, 6.0, 5.0, 4.0, 3.0, 2.0, 1.0, 0.0, ",10,21,4032,645,2.1,0.3488372093023256
343,Pancake,9,29,"4.0, 7.0, 1.0, 2.0, 8.0, 6.0, 0.0, 3.0, 5.0, ","8.0, 7.0, 6.0, 5.0, 4.0, 3.0, 2.0, 1.0, 0.0, ",11,21,4314,702,2.1,0.3796646836127637
344,Pancake,9,29,"4.0, 7.0, 1.0, 2.0, 8.0, 6.0, 0.0, 3.0, 5.0, ","8.0, 7.0, 6.0, 5.0, 4.0, 3.0, 2.0, 1.0, 0.0, ",12,30,3519,581,3.0,0.31422390481341267
345,Pancake,9,29,"4.0, 7.0, 1.0, 2.0, 8.0, 6.0, 0.0, 3.0, 5.0, ","8.0, 7.0, 6.0, 5.0, 4.0, 3.0, 2.0, 1.0, 0.0, ",13,30,2995,498,3.0,0.2693347755543537
346,Pancake,9,29,"4.0, 7.0, 1.0, 2.0, 8.0, 6.0, 0.0, 3.0, 5.0, ","8.0, 7.0, 6.0, 5.0, 4.0, 3.0, 2.0, 1.0, 0.0, ",14,30,2967,494,3.0,0.26717144402379667
347,Pancake,9,30,"5.0, 1.0, 0.0, 7.0, 2.0, 6.0, 8.0, 3.0, 4.0, ","8.0, 7.0, 6.0, 5.0, 4.0, 3.0, 2.0, 1.0, 0.0, ",1,11,31043,5099,1.0,1.0
348,Pancake,9,30,"5.0, 1.0, 0.0, 7.0, 2.0, 6.0, 8.0, 3.0, 4.0, ","8.0, 7.0, 6.0, 5.0, 4.0, 3.0, 2.0, 1.0, 0.0, ",2,13,1979,292,1.1818181818181819,0.057266130613845855
349,Pancake,9,30,"5.0, 1.0, 0.0, 7.0, 2.0, 6.0, 8.0, 3.0, 4.0, ","8.0, 7.0, 6.0, 5.0, 4.0, 3.0, 2.0, 1.0, 0.0, ",3,17,3466,524,1.5454545454545454,0.10276524808786036
350,Pancake,9,30,"5.0, 1.0, 0.0, 7.0, 2.0, 6.0, 8.0, 3.0, 4.0, ","8.0, 7.0, 6.0, 5.0, 4.0, 3.0, 2.0, 1.0, 0.0, ",4,21,1315,196,1.9090909090909092,0.03843890959011571
351,Pancake,9,30,"5.0, 1.0, 0.0, 7.0, 2.0, 6.0, 8.0, 3.0, 4.0, ","8.0, 7.0, 6.0, 5.0, 4.0, 3.0, 2.0, 1.0, 0.0, ",5,24,2030,308,2.1818181818181817,0.060404000784467546
352,Pancake,9,30,"5.0, 1.0, 0.0, 7.0, 2.0, 6.0, 8.0, 3.0, 4.0, ","8.0, 7.0, 6.0, 5.0, 4.0, 3.0, 2.0, 1.0, 0.0, ",6,24,2017,307,2.1818181818181817,0.06020788389880369
353,Pancake,9,30,"5.0, 1.0, 0.0, 7.0, 2.0, 6.0, 8.0, 3.0, 4.0, ","8.0, 7.0, 6.0, 5.0, 4.0, 3.0, 2.0, 1.0, 0.0, ",7,18,1488,225,1.6363636363636365,0.04412629927436752
354,Pancake,9,30,"5.0, 1.0, 0.0, 7.0, 2.0, 6.0, 8.0, 3.0, 4.0, ","8.0, 7.0, 6.0, 5.0, 4.0, 3.0, 2.0, 1.0, 0.0, ",8,24,1656,250,2.1818181818181817,0.049029221415963914
355,Pancake,9,30,"5.0, 1.0, 0.0, 7.0, 2.0, 6.0, 8.0, 3.0, 4.0, ","8.0, 7.0, 6.0, 5.0, 4.0, 3.0, 2.0, 1.0, 0.0, ",9,24,1636,249,2.1818181818181817,0.048833104530300056
356,Pancake,9,30,"5.0, 1.0, 0.0, 7.0, 2.0, 6.0, 8.0, 3.0, 4.0, ","8.0, 7.0, 6.0, 5.0, 4.0, 3.0, 2.0, 1.0, 0.0, ",10,24,1691,259,2.1818181818181817,0.050794273386938614
357,Pancake,9,30,"5.0, 1.0, 0.0, 7.0, 2.0, 6.0, 8.0, 3.0, 4.0, ","8.0, 7.0, 6.0, 5.0, 4.0, 3.0, 2.0, 1.0, 0.0, ",11,24,2114,330,2.1818181818181817,0.06471857226907236
358,Pancake,9,30,"5.0, 1.0, 0.0, 7.0, 2.0, 6.0, 8.0, 3.0, 4.0, ","8.0, 7.0, 6.0, 5.0, 4.0, 3.0, 2.0, 1.0, 0.0, ",12,24,2182,340,2.1818181818181817,0.06667974112571093
359,Pancake,9,30,"5.0, 1.0, 0.0, 7.0, 2.0, 6.0, 8.0, 3.0, 4.0, ","8.0, 7.0, 6.0, 5.0, 4.0, 3.0, 2.0, 1.0, 0.0, ",13,24,2387,372,2.1818181818181817,0.07295548146695431
360,Pancake,9,30,"5.0, 1.0, 0.0, 7.0, 2.0, 6.0, 8.0, 3.0, 4.0, ","8.0, 7.0, 6.0, 5.0, 4.0, 3.0, 2.0, 1.0, 0.0, ",14,24,1830,280,2.1818181818181817,0.05491272798587958
361,Pancake,9,30,"5.0, 1.0, 0.0, 7.0, 2.0, 6.0, 8.0, 3.0, 4.0, ","8.0, 7.0, 6.0, 5.0, 4.0, 3.0, 2.0, 1.0, 0.0, ",15,24,2275,355,2.1818181818181817,0.06962149441066875
362,Pancake,9,30,"5.0, 1.0, 0.0, 7.0, 2.0, 6.0, 8.0, 3.0, 4.0, ","8.0, 7.0, 6.0, 5.0, 4.0, 3.0, 2.0, 1.0, 0.0, ",16,24,2155,335,2.1818181818181817,0.06569915669739164
363,Pancake,9,30,"5.0, 1.0, 0.0, 7.0, 2.0, 6.0, 8.0, 3.0, 4.0, ","8.0, 7.0, 6.0, 5.0, 4.0, 3.0, 2.0, 1.0, 0.0, ",17,24,2167,337,2.1818181818181817,0.06609139046871935
364,Pancake,9,30,"5.0, 1.0, 0.0, 7.0, 2.0, 6.0, 8.0, 3.0, 4.0, ","8.0, 7.0, 6.0, 5.0, 4.0, 3.0, 2.0, 1.0, 0.0, ",18,24,2193,342,2.1818181818181817,0.06707197489703863
365,Pancake,9,30,"5.0, 1.0, 0.0, 7.0, 2.0, 6.0, 8.0, 3.0, 4.0, ","8.0, 7.0, 6.0, 5.0, 4.0, 3.0, 2.0, 1.0, 0.0, ",19,24,2257,352,2.1818181818181817,0.0690331437536772
366,Pancake,9,30,"5.0, 1.0, 0.0, 7.0, 2.0, 6.0, 8.0, 3.0, 4.0, ","8.0, 7.0, 6.0, 5.0, 4.0, 3.0, 2.0, 1.0, 0.0, ",20,24,2257,352,2.1818181818181817,0.0690331437536772
367,Pancake,9,30,"5.0, 1.0, 0.0, 7.0, 2.0, 6.0, 8.0, 3.0, 4.0, ","8.0, 7.0, 6.0, 5.0, 4.0, 3.0, 2.0, 1.0, 0.0, ",21,24,2277,355,2.1818181818181817,0.06962149441066875
368,Pancake,9,30,"5.0, 1.0, 0.0, 7.0, 2.0, 6.0, 8.0, 3.0, 4.0, ","8.0, 7.0, 6.0, 5.0, 4.0, 3.0, 2.0, 1.0, 0.0, ",22,24,2257,352,2.1818181818181817,0.0690331437536772
369,Pancake,9,30,"5.0, 1.0, 0.0, 7.0, 2.0, 6.0, 8.0, 3.0, 4.0, ","8.0, 7.0, 6.0, 5.0, 4.0, 3.0, 2.0, 1.0, 0.0, ",23,24,2257,352,2.1818181818181817,0.0690331437536772
370,Pancake,9,30,"5.0, 1.0, 0.0, 7.0, 2.0, 6.0, 8.0, 3.0, 4.0, ","8.0, 7.0, 6.0, 5.0, 4.0, 3.0, 2.0, 1.0, 0.0, ",24,24,2290,357,2.1818181818181817,0.07001372818199647
